{ "compressionlevel":-1,
 "height":30,
 "infinite":false,
 "layers":[
        {
         "data":[1, 1, 1, 1, 1, 1, 1, 1, 1, 1, 1, 1, 1, 1, 1, 1, 1, 1, 1, 1, 1, 1, 1, 1, 1, 1, 1, 1, 1, 1, 1, 1, 1, 1, 1, 1, 1, 1, 1, 1,
            1, 1, 1, 1, 1, 1, 1, 1, 1, 1, 1, 1, 1, 1, 1, 1, 1, 1, 1, 1, 1, 1, 1, 1, 1, 1, 1, 1, 1, 1, 1, 1, 1, 1, 1, 1, 1, 1, 1, 1,
            1, 1, 1, 1, 1, 1, 1, 1, 1, 1, 1, 1, 1, 1, 1, 1, 1, 1, 1, 1, 1, 1, 1, 1, 1, 1, 1, 1, 1, 1, 1, 1, 1, 1, 1, 1, 1, 1, 1, 1,
            1, 1, 1, 1, 1, 1, 1, 1, 1, 1, 1, 1, 1, 1, 1, 1, 1, 1, 1, 1, 1, 1, 1, 1, 1, 1, 1, 1, 1, 1, 1, 1, 1, 1, 1, 1, 1, 1, 1, 1,
            1, 1, 1, 1, 1, 1, 1, 1, 1, 1, 1, 1, 1, 1, 1, 1, 1, 1, 1, 1, 1, 1, 1, 1, 1, 1, 1, 1, 1, 1, 1, 1, 1, 1, 1, 1, 1, 1, 1, 1,
            1, 1, 1, 1, 1, 1, 1, 1, 1, 1, 1, 1, 1, 1, 1, 1, 1, 1, 1, 1, 1, 1, 1, 1, 1, 1, 1, 1, 1, 1, 1, 1, 1, 1, 1, 1, 1, 1, 1, 1,
            1, 1, 1, 1, 1, 1, 1, 1, 1, 1, 1, 1, 1, 1, 1, 1, 1, 1, 1, 1, 1, 1, 1, 1, 1, 1, 1, 1, 1, 1, 1, 1, 1, 1, 1, 1, 1, 1, 1, 1,
            1, 1, 1, 1, 1, 1, 1, 1, 1, 1, 1, 1, 1, 1, 1, 1, 1, 1, 1, 1, 1, 1, 1, 1, 1, 1, 1, 1, 1, 1, 1, 1, 1, 1, 1, 1, 1, 1, 1, 1,
            1, 1, 1, 1, 1, 1, 1, 1, 1, 1, 1, 1, 1, 1, 1, 1, 1, 1, 1, 1, 1, 1, 1, 1, 1, 1, 1, 1, 1, 1, 1, 1, 1, 1, 1, 1, 1, 1, 1, 1,
            1, 1, 1, 1, 1, 1, 1, 1, 1, 1, 1, 1, 1, 1, 1, 1, 1, 1, 1, 1, 1, 1, 1, 1, 1, 1, 1, 1, 1, 1, 1, 1, 1, 1, 1, 1, 1, 1, 1, 1,
            1, 1, 1, 1, 1, 1, 1, 1, 1, 1, 1, 1, 1, 1, 1, 1, 1, 1, 1, 1, 1, 1, 1, 1, 1, 1, 1, 1, 1, 1, 1, 1, 1, 1, 1, 1, 1, 1, 1, 1,
            1, 1, 1, 1, 1, 1, 1, 1, 1, 1, 1, 1, 1, 1, 1, 1, 1, 1, 1, 1, 1, 1, 1, 1, 1, 1, 1, 1, 1, 1, 1, 1, 1, 1, 1, 1, 1, 1, 1, 1,
            1, 1, 1, 1, 1, 1, 1, 1, 1, 1, 1, 1, 1, 1, 1, 1, 1, 1, 1, 1, 1, 1, 1, 1, 1, 1, 1, 1, 1, 1, 1, 1, 1, 1, 1, 1, 1, 1, 1, 1,
            1, 1, 1, 1, 1, 1, 1, 1, 1, 1, 1, 1, 1, 1, 1, 1, 1, 1, 1, 1, 1, 1, 1, 1, 1, 1, 1, 1, 1, 1, 1, 1, 1, 1, 1, 1, 1, 1, 1, 1,
            1, 1, 1, 1, 1, 1, 1, 1, 1, 1, 1, 1, 1, 1, 1, 1, 1, 1, 1, 1, 1, 1, 1, 1, 1, 1, 1, 1, 1, 1, 1, 1, 1, 1, 1, 1, 1, 1, 1, 1,
            1, 1, 1, 1, 1, 1, 1, 1, 1, 1, 1, 1, 1, 1, 1, 1, 1, 1, 1, 1, 1, 1, 1, 1, 1, 1, 1, 1, 1, 1, 1, 1, 1, 1, 1, 1, 1, 1, 1, 1,
            1, 1, 1, 1, 1, 1, 1, 1, 1, 1, 1, 1, 1, 1, 1, 1, 1, 1, 1, 1, 1, 1, 1, 1, 1, 1, 1, 1, 1, 1, 1, 1, 1, 1, 1, 1, 1, 1, 1, 1,
            1, 1, 1, 1, 1, 1, 1, 1, 1, 1, 1, 1, 1, 1, 1, 1, 1, 1, 1, 1, 1, 1, 1, 1, 1, 1, 1, 1, 1, 1, 1, 1, 1, 1, 1, 1, 1, 1, 1, 1,
            1, 1, 1, 1, 1, 1, 1, 1, 1, 1, 1, 1, 1, 1, 1, 1, 1, 1, 1, 1, 1, 1, 1, 1, 1, 1, 1, 1, 1, 1, 1, 1, 1, 1, 1, 1, 1, 1, 1, 1,
            1, 1, 1, 1, 1, 1, 1, 1, 1, 1, 1, 1, 1, 1, 1, 1, 1, 1, 1, 1, 1, 1, 1, 1, 1, 1, 1, 1, 1, 1, 1, 1, 1, 1, 1, 1, 1, 1, 1, 1,
            1, 1, 1, 1, 1, 1, 1, 1, 1, 1, 1, 1, 1, 1, 1, 1, 1, 1, 1, 1, 1, 1, 1, 1, 1, 1, 1, 1, 1, 1, 1, 1, 1, 1, 1, 1, 1, 1, 1, 1,
            1, 1, 1, 1, 1, 1, 1, 1, 1, 1, 1, 1, 1, 1, 1, 1, 1, 1, 1, 1, 1, 1, 1, 1, 1, 1, 1, 1, 1, 1, 1, 1, 1, 1, 1, 1, 1, 1, 1, 1,
            1, 1, 1, 1, 1, 1, 1, 1, 1, 1, 1, 1, 1, 1, 1, 1, 1, 1, 1, 1, 1, 1, 1, 1, 1, 1, 1, 1, 1, 1, 1, 1, 1, 1, 1, 1, 1, 1, 1, 1,
            1, 1, 1, 1, 1, 1, 1, 1, 1, 1, 1, 1, 1, 1, 1, 1, 1, 1, 1, 1, 1, 1, 1, 1, 1, 1, 1, 1, 1, 1, 1, 1, 1, 1, 1, 1, 1, 1, 1, 1,
            1, 1, 1, 1, 1, 1, 1, 1, 1, 1, 1, 1, 1, 1, 1, 1, 1, 1, 1, 1, 1, 1, 1, 1, 1, 1, 1, 1, 1, 1, 1, 1, 1, 1, 1, 1, 1, 1, 1, 1,
            1, 1, 1, 1, 1, 1, 1, 1, 1, 1, 1, 1, 1, 1, 1, 1, 1, 1, 1, 1, 1, 1, 1, 1, 1, 1, 1, 1, 1, 1, 1, 1, 1, 1, 1, 1, 1, 1, 1, 1,
            1, 1, 1, 1, 1, 1, 1, 1, 1, 1, 1, 1, 1, 1, 1, 1, 1, 1, 1, 1, 1, 1, 1, 1, 1, 1, 1, 1, 1, 1, 1, 1, 1, 1, 1, 1, 1, 1, 1, 1,
            1, 1, 1, 1, 1, 1, 1, 1, 1, 1, 1, 1, 1, 1, 1, 1, 1, 1, 1, 1, 1, 1, 1, 1, 1, 1, 1, 1, 1, 1, 1, 1, 1, 1, 1, 1, 1, 1, 1, 1,
            1, 1, 1, 1, 1, 1, 1, 1, 1, 1, 1, 1, 1, 1, 1, 1, 1, 1, 1, 1, 1, 1, 1, 1, 1, 1, 1, 1, 1, 1, 1, 1, 1, 1, 1, 1, 1, 1, 1, 1,
            1, 1, 1, 1, 1, 1, 1, 1, 1, 1, 1, 1, 1, 1, 1, 1, 1, 1, 1, 1, 1, 1, 1, 1, 1, 1, 1, 1, 1, 1, 1, 1, 1, 1, 1, 1, 1, 1, 1, 1],
         "height":30,
         "id":1,
         "name":"Background",
         "opacity":1,
         "type":"tilelayer",
         "visible":true,
         "width":40,
         "x":0,
         "y":0
        }, 
        {
         "data":[0, 6, 6, 6, 0, 0, 0, 0, 6, 6, 0, 0, 6, 6, 6, 6, 6, 6, 6, 6, 6, 6, 6, 0, 6, 6, 6, 6, 6, 6, 6, 0, 0, 0, 0, 0, 0, 0, 0, 0,
            0, 2, 6, 6, 6, 0, 0, 5, 5, 6, 6, 2, 2, 6, 0, 6, 6, 6, 0, 0, 0, 0, 6, 6, 6, 6, 6, 6, 6, 6, 0, 6, 6, 6, 6, 6, 6, 6, 6, 0,
            2, 2, 6, 6, 6, 6, 6, 5, 5, 6, 6, 2, 2, 6, 6, 0, 6, 6, 6, 6, 5, 5, 5, 5, 2, 2, 2, 2, 6, 2, 2, 2, 2, 2, 5, 6, 6, 6, 6, 6,
            2, 6, 6, 6, 6, 2, 2, 5, 6, 6, 5, 5, 5, 6, 6, 6, 0, 6, 6, 0, 6, 6, 5, 5, 5, 5, 5, 2, 2, 2, 6, 6, 0, 2, 5, 6, 0, 5, 6, 6,
            2, 6, 2, 2, 2, 2, 0, 5, 6, 6, 6, 6, 2, 6, 6, 6, 6, 0, 6, 6, 0, 0, 2, 2, 6, 5, 5, 5, 5, 2, 2, 2, 5, 5, 6, 0, 0, 5, 6, 6,
            2, 6, 6, 6, 6, 6, 6, 2, 5, 6, 6, 6, 6, 2, 2, 2, 6, 6, 0, 6, 6, 2, 2, 6, 0, 5, 5, 5, 2, 2, 2, 2, 5, 6, 6, 6, 0, 5, 6, 6,
            2, 0, 6, 6, 6, 6, 6, 2, 5, 0, 0, 6, 0, 0, 0, 0, 2, 6, 6, 2, 2, 2, 6, 6, 0, 5, 0, 2, 2, 2, 6, 0, 5, 0, 2, 2, 5, 6, 0, 6,
            2, 2, 2, 2, 6, 6, 6, 2, 2, 0, 2, 6, 6, 6, 6, 6, 6, 6, 6, 6, 6, 6, 6, 6, 6, 6, 6, 2, 6, 6, 6, 0, 5, 0, 6, 2, 5, 6, 0, 6,
            2, 2, 2, 5, 5, 5, 5, 6, 2, 2, 2, 2, 2, 2, 6, 2, 5, 5, 5, 2, 2, 6, 6, 6, 6, 5, 2, 2, 2, 6, 6, 6, 6, 5, 5, 2, 2, 6, 0, 6,
            6, 6, 6, 5, 2, 6, 6, 6, 6, 2, 6, 2, 6, 5, 5, 6, 6, 6, 2, 2, 6, 6, 6, 2, 2, 5, 5, 5, 5, 6, 6, 6, 6, 5, 6, 6, 2, 6, 2, 6,
            6, 0, 2, 6, 6, 6, 6, 6, 6, 0, 6, 2, 5, 5, 2, 6, 5, 5, 6, 6, 6, 6, 2, 2, 6, 6, 2, 5, 5, 6, 6, 6, 0, 2, 2, 2, 6, 6, 6, 6,
            6, 6, 6, 5, 6, 6, 2, 2, 2, 6, 6, 5, 5, 6, 6, 6, 6, 6, 6, 6, 6, 6, 6, 6, 6, 6, 6, 6, 5, 2, 0, 2, 2, 6, 2, 2, 6, 6, 6, 6,
            6, 6, 0, 5, 5, 2, 0, 0, 2, 0, 6, 5, 6, 2, 6, 2, 2, 6, 6, 6, 8, 8, 8, 0, 8, 8, 8, 6, 6, 2, 0, 6, 6, 6, 0, 6, 2, 6, 6, 6,
            6, 6, 2, 2, 5, 6, 5, 0, 2, 0, 6, 6, 2, 6, 2, 10, 0, 0, 10, 6, 0, 0, 0, 0, 0, 0, 0, 6, 6, 2, 0, 6, 6, 0, 0, 6, 2, 5, 5, 6,
            0, 2, 2, 2, 6, 6, 5, 2, 2, 6, 2, 6, 5, 6, 2, 0, 0, 0, 0, 0, 0, 0, 0, 0, 0, 0, 0, 6, 6, 6, 6, 6, 6, 6, 2, 2, 2, 6, 6, 6,
            0, 2, 6, 2, 6, 6, 5, 2, 6, 6, 2, 6, 5, 6, 2, 0, 0, 0, 0, 0, 0, 0, 0, 0, 0, 0, 0, 0, 6, 6, 6, 0, 0, 6, 2, 2, 2, 5, 6, 0,
            2, 2, 6, 6, 6, 6, 2, 6, 6, 0, 2, 6, 6, 6, 2, 0, 0, 0, 0, 0, 2, 2, 2, 2, 2, 2, 0, 5, 6, 6, 0, 0, 6, 0, 6, 2, 2, 5, 6, 0,
            2, 6, 6, 6, 2, 6, 2, 6, 0, 0, 6, 6, 6, 6, 2, 5, 5, 0, 0, 10, 2, 2, 6, 6, 6, 6, 6, 6, 5, 6, 6, 6, 6, 6, 6, 6, 2, 5, 6, 6,
            0, 6, 6, 6, 2, 6, 2, 2, 2, 2, 2, 2, 5, 6, 6, 6, 6, 6, 2, 2, 6, 6, 5, 6, 6, 6, 5, 6, 6, 2, 6, 6, 6, 6, 6, 6, 6, 2, 6, 0,
            6, 6, 6, 2, 2, 5, 0, 6, 0, 0, 6, 2, 2, 2, 5, 6, 5, 6, 6, 6, 6, 5, 5, 5, 6, 2, 2, 6, 2, 2, 6, 6, 2, 6, 6, 0, 6, 2, 2, 6,
            0, 6, 6, 6, 0, 5, 5, 5, 0, 0, 2, 2, 6, 6, 6, 2, 6, 2, 6, 2, 2, 2, 2, 2, 5, 5, 5, 5, 6, 6, 0, 0, 2, 2, 6, 6, 6, 6, 2, 6,
            6, 6, 0, 2, 6, 5, 5, 5, 5, 5, 2, 6, 6, 6, 6, 6, 6, 6, 6, 6, 6, 6, 6, 6, 6, 6, 6, 6, 6, 2, 6, 2, 2, 2, 2, 6, 0, 0, 2, 6,
            6, 6, 6, 6, 6, 6, 6, 6, 6, 5, 5, 2, 6, 0, 0, 0, 0, 6, 6, 6, 2, 0, 5, 5, 0, 0, 0, 0, 2, 2, 6, 0, 0, 0, 2, 6, 6, 0, 2, 0,
            6, 0, 0, 2, 6, 2, 5, 5, 5, 5, 6, 6, 6, 2, 6, 6, 6, 0, 0, 2, 2, 0, 0, 5, 2, 0, 0, 2, 2, 6, 6, 6, 6, 6, 6, 6, 6, 6, 2, 6,
            2, 2, 2, 2, 6, 6, 5, 0, 0, 6, 2, 2, 6, 6, 6, 0, 6, 6, 2, 2, 2, 5, 2, 6, 5, 5, 5, 5, 2, 2, 2, 2, 2, 2, 2, 2, 2, 6, 6, 0,
            2, 2, 0, 2, 6, 6, 6, 6, 6, 6, 6, 6, 2, 6, 6, 6, 6, 2, 2, 5, 5, 5, 2, 2, 5, 5, 5, 5, 0, 6, 6, 6, 2, 2, 2, 6, 6, 6, 0, 0,
            0, 6, 2, 2, 2, 2, 2, 6, 6, 6, 6, 6, 2, 2, 2, 6, 6, 6, 2, 2, 5, 5, 5, 5, 5, 5, 5, 2, 2, 2, 2, 2, 2, 6, 6, 6, 6, 6, 2, 2,
            6, 6, 6, 2, 2, 2, 6, 6, 2, 2, 6, 6, 6, 2, 2, 2, 6, 6, 2, 2, 2, 2, 2, 6, 6, 6, 6, 6, 2, 2, 2, 2, 6, 6, 6, 6, 6, 6, 6, 0,
            0, 6, 6, 2, 6, 6, 6, 0, 0, 6, 2, 2, 6, 6, 6, 6, 2, 6, 2, 2, 0, 0, 6, 6, 2, 0, 2, 2, 6, 2, 2, 6, 6, 6, 2, 0, 2, 2, 2, 0,
            0, 2, 0, 6, 6, 6, 2, 2, 2, 2, 2, 2, 2, 2, 2, 6, 6, 6, 6, 6, 0, 0, 0, 6, 2, 2, 2, 2, 2, 0, 0, 0, 0, 0, 2, 2, 2, 0, 2, 2],
         "height":30,
         "id":2,
         "name":"Obstacles",
         "opacity":1,
         "type":"tilelayer",
         "visible":true,
         "width":40,
         "x":0,
         "y":0
        }, 
        {
         "draworder":"topdown",
         "id":3,
         "name":"SpawnPoints",
         "objects":[
                {
                 "height":13.5558,
                 "id":8,
                 "name":"SpawnPlayer",
                 "rotation":0,
                 "type":"",
                 "visible":true,
                 "width":15.199,
                 "x":487.353,
                 "y":525.145
                }, 
                {
                 "gid":9,
                 "height":32,
                 "id":31,
                 "name":"FlowerWhite",
                 "rotation":0,
                 "type":"",
                 "visible":true,
                 "width":32,
                 "x":801.5,
                 "y":445
                }],
         "opacity":1,
         "type":"objectgroup",
         "visible":true,
         "x":0,
         "y":0
        }, 
        {
         "draworder":"topdown",
         "id":4,
         "name":"Items",
         "objects":[
                {
                 "gid":3,
                 "height":32,
                 "id":1,
                 "name":"Mushroom",
                 "properties":[
                        {
                         "name":"damageHp",
                         "type":"int",
                         "value":10
                        }, 
                        {
                         "name":"restoreHp",
                         "type":"int",
                         "value":20
                        }],
                 "rotation":0,
                 "type":"",
                 "visible":true,
                 "width":32,
                 "x":515.327,
                 "y":447.137
                }, 
                {
                 "gid":3,
                 "height":32,
                 "id":2,
                 "name":"Mushroom",
                 "properties":[
                        {
                         "name":"damageHp",
                         "type":"int",
                         "value":10
                        }, 
                        {
                         "name":"restoreHp",
                         "type":"int",
                         "value":20
                        }],
                 "rotation":0,
                 "type":"",
                 "visible":true,
                 "width":32,
                 "x":640.822,
                 "y":448.37
                }, 
                {
                 "gid":3,
                 "height":32,
                 "id":3,
                 "name":"Mushroom",
                 "properties":[
                        {
                         "name":"damageHp",
                         "type":"int",
                         "value":10
                        }, 
                        {
                         "name":"restoreHp",
                         "type":"int",
                         "value":20
                        }],
                 "rotation":0,
                 "type":"",
                 "visible":true,
                 "width":32,
                 "x":864,
                 "y":512
                }, 
                {
                 "gid":4,
                 "height":32,
                 "id":4,
                 "name":"Flower",
                 "properties":[
                        {
                         "name":"damageHp",
                         "type":"int",
                         "value":20
                        }, 
                        {
                         "name":"restoreHp",
                         "type":"int",
                         "value":50
                        }],
                 "rotation":0,
                 "type":"",
                 "visible":true,
                 "width":32,
                 "x":832,
                 "y":544
                }, 
                {
                 "gid":4,
                 "height":32,
                 "id":5,
                 "name":"Flower",
                 "properties":[
                        {
                         "name":"damageHp",
                         "type":"int",
                         "value":20
                        }, 
                        {
                         "name":"restoreHp",
                         "type":"int",
                         "value":50
                        }],
                 "rotation":0,
                 "type":"",
                 "visible":true,
                 "width":32,
                 "x":832,
                 "y":448
                }, 
                {
                 "gid":4,
                 "height":32,
                 "id":6,
                 "name":"Flower",
                 "properties":[
                        {
                         "name":"damageHp",
                         "type":"int",
                         "value":20
                        }, 
                        {
                         "name":"restoreHp",
                         "type":"int",
                         "value":50
                        }],
                 "rotation":0,
                 "type":"",
                 "visible":true,
                 "width":32,
                 "x":602.66,
                 "y":544.822
                }, 
                {
                 "gid":4,
                 "height":32,
                 "id":15,
                 "name":"Flower",
                 "properties":[
                        {
                         "name":"damageHp",
                         "type":"int",
                         "value":20
                        }, 
                        {
                         "name":"restoreHp",
                         "type":"int",
                         "value":50
                        }],
                 "rotation":0,
                 "type":"",
                 "visible":true,
                 "width":32,
                 "x":571.03,
                 "y":579.738
                }, 
                {
                 "gid":12,
                 "height":30.0909,
                 "id":12,
                 "name":"FlowerPurple",
                 "rotation":0,
                 "type":"",
                 "visible":true,
                 "width":32,
                 "x":511.856,
                 "y":510.296
                }, 
                {
                 "gid":12,
                 "height":32,
                 "id":16,
                 "name":"FlowerPurple",
                 "rotation":0,
                 "type":"",
                 "visible":true,
                 "width":32,
                 "x":836.375,
                 "y":477.022
                }, 
                {
                 "gid":9,
                 "height":32,
                 "id":30,
                 "name":"FlowerWhite",
                 "rotation":0,
                 "type":"",
                 "visible":true,
                 "width":32,
                 "x":479.5,
                 "y":477
                }, 
                {
                 "gid":13,
                 "height":32,
                 "id":33,
                 "name":"Key",
                 "rotation":0,
                 "type":"",
                 "visible":true,
                 "width":32,
                 "x":545.333,
                 "y":449.667
                }, 
                {
                 "gid":11,
                 "height":32,
                 "id":34,
                 "name":"Sunflower",
                 "rotation":0,
                 "type":"",
                 "visible":true,
                 "width":32,
                 "x":736.333333333333,
                 "y":510.333333333333
                }],
         "opacity":1,
         "type":"objectgroup",
         "visible":true,
         "x":0,
         "y":0
        }, 
        {
         "draworder":"topdown",
         "id":5,
         "name":"Doors",
         "objects":[
                {
                 "gid":7,
                 "height":32,
                 "id":7,
                 "name":"Cave",
                 "properties":[
                        {
                         "name":"goToWorld",
                         "type":"string",
                         "value":"level-02"
                        }, 
                        {
                         "name":"needKey",
                         "type":"string",
                         "value":"level-02"
                        }],
                 "rotation":0,
                 "type":"",
                 "visible":true,
                 "width":32,
                 "x":736,
                 "y":416
                }],
         "opacity":1,
         "type":"objectgroup",
         "visible":true,
         "x":0,
         "y":0
        }],
 "nextlayerid":6,
 "nextobjectid":35,
 "orientation":"orthogonal",
 "renderorder":"right-down",
 "tiledversion":"1.11.2",
 "tileheight":32,
 "tilesets":[
        {
         "columns":4,
         "firstgid":1,
         "image":"..\/tileset.png",
         "imageheight":136,
         "imagewidth":136,
         "margin":1,
         "name":"tileset",
         "spacing":2,
         "tilecount":16,
         "tileheight":32,
         "tiles":[
                {
                 "id":1,
                 "properties":[
                        {
                         "name":"collides",
                         "type":"bool",
                         "value":true
                        }]
                }, 
                {
                 "id":4,
                 "properties":[
                        {
                         "name":"collides",
                         "type":"bool",
                         "value":true
                        }]
                }, 
                {
                 "id":5,
                 "properties":[
                        {
                         "name":"collides",
                         "type":"bool",
                         "value":true
                        }]
                }, 
                {
                 "id":7,
                 "properties":[
                        {
                         "name":"collides",
                         "type":"bool",
                         "value":true
                        }]
                }, 
                {
                 "id":9,
                 "properties":[
                        {
                         "name":"collides",
                         "type":"bool",
                         "value":true
                        }]
                }],
         "tilewidth":32
        }],
 "tilewidth":32,
 "type":"map",
 "version":"1.10",
 "width":40
}