{ "compressionlevel":-1,
 "height":30,
 "infinite":false,
 "layers":[
        {
         "data":[1, 1, 1, 1, 1, 1, 1, 1, 1, 1, 1, 1, 1, 1, 1, 1, 1, 1, 1, 1, 1, 1, 1, 1, 1, 1, 1, 1, 1, 1, 1, 1, 1, 1, 1, 1, 1, 1, 1, 1,
            1, 1, 1, 1, 1, 1, 1, 1, 1, 1, 1, 1, 1, 1, 1, 1, 1, 1, 1, 1, 1, 1, 1, 1, 1, 1, 1, 1, 1, 1, 1, 1, 1, 1, 1, 1, 1, 1, 1, 1,
            1, 1, 1, 1, 1, 1, 1, 1, 1, 1, 1, 1, 1, 1, 1, 1, 1, 1, 1, 1, 1, 1, 1, 1, 1, 1, 1, 1, 1, 1, 1, 1, 1, 1, 1, 1, 1, 1, 1, 1,
            1, 1, 1, 1, 1, 1, 1, 1, 1, 1, 1, 1, 1, 1, 1, 1, 1, 1, 1, 1, 1, 1, 1, 1, 1, 1, 1, 1, 1, 1, 1, 1, 1, 1, 1, 1, 1, 1, 1, 1,
            1, 1, 1, 1, 1, 1, 1, 1, 1, 1, 1, 1, 1, 1, 1, 1, 1, 1, 1, 1, 1, 1, 1, 1, 1, 1, 1, 1, 1, 1, 1, 1, 1, 1, 1, 1, 1, 1, 1, 1,
            1, 1, 1, 1, 1, 1, 1, 1, 1, 1, 1, 1, 1, 1, 1, 1, 1, 1, 1, 1, 1, 1, 1, 1, 1, 1, 1, 1, 1, 1, 1, 1, 1, 1, 1, 1, 1, 1, 1, 1,
            1, 1, 1, 1, 1, 1, 1, 1, 1, 1, 1, 1, 1, 1, 1, 1, 1, 1, 1, 1, 1, 1, 1, 1, 1, 1, 1, 1, 1, 1, 1, 1, 1, 1, 1, 1, 1, 1, 1, 1,
            1, 1, 1, 1, 1, 1, 1, 1, 1, 1, 1, 1, 1, 1, 1, 1, 1, 1, 1, 1, 1, 1, 1, 1, 1, 1, 1, 1, 1, 1, 1, 1, 1, 1, 1, 1, 1, 1, 1, 1,
            1, 1, 1, 1, 1, 1, 1, 1, 1, 1, 1, 1, 1, 1, 1, 1, 1, 1, 1, 1, 1, 1, 1, 1, 1, 1, 1, 1, 1, 1, 1, 1, 1, 1, 1, 1, 1, 1, 1, 1,
            1, 1, 1, 1, 1, 1, 1, 1, 1, 1, 1, 1, 1, 1, 1, 1, 1, 1, 1, 1, 1, 1, 1, 1, 1, 1, 1, 1, 1, 1, 1, 1, 1, 1, 1, 1, 1, 1, 1, 1,
            1, 1, 1, 1, 1, 1, 1, 1, 1, 1, 1, 1, 1, 1, 1, 1, 1, 1, 1, 1, 1, 1, 1, 1, 1, 1, 1, 1, 1, 1, 1, 1, 1, 1, 1, 1, 1, 1, 1, 1,
            1, 1, 1, 1, 1, 1, 1, 1, 1, 1, 1, 1, 1, 1, 1, 1, 1, 1, 1, 1, 1, 1, 1, 1, 1, 1, 1, 1, 1, 1, 1, 1, 1, 1, 1, 1, 1, 1, 1, 1,
            1, 1, 1, 1, 1, 1, 1, 1, 1, 1, 1, 1, 1, 1, 1, 1, 1, 1, 1, 1, 1, 1, 1, 1, 1, 1, 1, 1, 1, 1, 1, 1, 1, 1, 1, 1, 1, 1, 1, 1,
            1, 1, 1, 1, 1, 1, 1, 1, 1, 1, 1, 1, 1, 1, 1, 1, 1, 1, 1, 1, 1, 1, 1, 1, 1, 1, 1, 1, 1, 1, 1, 1, 1, 1, 1, 1, 1, 1, 1, 1,
            1, 1, 1, 1, 1, 1, 1, 1, 1, 1, 1, 1, 1, 1, 1, 1, 1, 1, 1, 1, 1, 1, 1, 1, 1, 1, 1, 1, 1, 1, 1, 1, 1, 1, 1, 1, 1, 1, 1, 1,
            1, 1, 1, 1, 1, 1, 1, 1, 1, 1, 1, 1, 1, 1, 1, 1, 1, 1, 1, 1, 1, 1, 1, 1, 1, 1, 1, 1, 1, 1, 1, 1, 1, 1, 1, 1, 1, 1, 1, 1,
            1, 1, 1, 1, 1, 1, 1, 1, 1, 1, 1, 1, 1, 1, 1, 1, 1, 1, 1, 1, 1, 1, 1, 1, 1, 1, 1, 1, 1, 1, 1, 1, 1, 1, 1, 1, 1, 1, 1, 1,
            1, 1, 1, 1, 1, 1, 1, 1, 1, 1, 1, 1, 1, 1, 1, 1, 1, 1, 1, 1, 1, 1, 1, 1, 1, 1, 1, 1, 1, 1, 1, 1, 1, 1, 1, 1, 1, 1, 1, 1,
            1, 1, 1, 1, 1, 1, 1, 1, 1, 1, 1, 1, 1, 1, 1, 1, 1, 1, 1, 1, 1, 1, 1, 1, 1, 1, 1, 1, 1, 1, 1, 1, 1, 1, 1, 1, 1, 1, 1, 1,
            1, 1, 1, 1, 1, 1, 1, 1, 1, 1, 1, 1, 1, 1, 1, 1, 1, 1, 1, 1, 1, 1, 1, 1, 1, 1, 1, 1, 1, 1, 1, 1, 1, 1, 1, 1, 1, 1, 1, 1,
            1, 1, 1, 1, 1, 1, 1, 1, 1, 1, 1, 1, 1, 1, 1, 1, 1, 1, 1, 1, 1, 1, 1, 1, 1, 1, 1, 1, 1, 1, 1, 1, 1, 1, 1, 1, 1, 1, 1, 1,
            1, 1, 1, 1, 1, 1, 1, 1, 1, 1, 1, 1, 1, 1, 1, 1, 1, 1, 1, 1, 1, 1, 1, 1, 1, 1, 1, 1, 1, 1, 1, 1, 1, 1, 1, 1, 1, 1, 1, 1,
            1, 1, 1, 1, 1, 1, 1, 1, 1, 1, 1, 1, 1, 1, 1, 1, 1, 1, 1, 1, 1, 1, 1, 1, 1, 1, 1, 1, 1, 1, 1, 1, 1, 1, 1, 1, 1, 1, 1, 1,
            1, 1, 1, 1, 1, 1, 1, 1, 1, 1, 1, 1, 1, 1, 1, 1, 1, 1, 1, 1, 1, 1, 1, 1, 1, 1, 1, 1, 1, 1, 1, 1, 1, 1, 1, 1, 1, 1, 1, 1,
            1, 1, 1, 1, 1, 1, 1, 1, 1, 1, 1, 1, 1, 1, 1, 1, 1, 1, 1, 1, 1, 1, 1, 1, 1, 1, 1, 1, 1, 1, 1, 1, 1, 1, 1, 1, 1, 1, 1, 1,
            1, 1, 1, 1, 1, 1, 1, 1, 1, 1, 1, 1, 1, 1, 1, 1, 1, 1, 1, 1, 1, 1, 1, 1, 1, 1, 1, 1, 1, 1, 1, 1, 1, 1, 1, 1, 1, 1, 1, 1,
            1, 1, 1, 1, 1, 1, 1, 1, 1, 1, 1, 1, 1, 1, 1, 1, 1, 1, 1, 1, 1, 1, 1, 1, 1, 1, 1, 1, 1, 1, 1, 1, 1, 1, 1, 1, 1, 1, 1, 1,
            1, 1, 1, 1, 1, 1, 1, 1, 1, 1, 1, 1, 1, 1, 1, 1, 1, 1, 1, 1, 1, 1, 1, 1, 1, 1, 1, 1, 1, 1, 1, 1, 1, 1, 1, 1, 1, 1, 1, 1,
            1, 1, 1, 1, 1, 1, 1, 1, 1, 1, 1, 1, 1, 1, 1, 1, 1, 1, 1, 1, 1, 1, 1, 1, 1, 1, 1, 1, 1, 1, 1, 1, 1, 1, 1, 1, 1, 1, 1, 1,
            1, 1, 1, 1, 1, 1, 1, 1, 1, 1, 1, 1, 1, 1, 1, 1, 1, 1, 1, 1, 1, 1, 1, 1, 1, 1, 1, 1, 1, 1, 1, 1, 1, 1, 1, 1, 1, 1, 1, 1],
         "height":30,
         "id":1,
         "name":"Background",
         "opacity":1,
         "type":"tilelayer",
         "visible":true,
         "width":40,
         "x":0,
         "y":0
        }, 
        {
         "data":[6, 6, 5, 5, 0, 5, 0, 0, 6, 6, 6, 6, 0, 2, 0, 0, 2, 2, 2, 2, 2, 6, 6, 6, 6, 6, 6, 6, 6, 6, 6, 6, 6, 6, 6, 0, 0, 6, 6, 0,
            6, 0, 5, 6, 6, 5, 2, 6, 5, 0, 0, 6, 2, 2, 2, 2, 2, 6, 5, 6, 2, 2, 2, 2, 2, 2, 2, 2, 2, 2, 2, 2, 2, 6, 6, 6, 0, 0, 6, 6,
            0, 0, 0, 6, 6, 5, 5, 6, 5, 0, 2, 2, 2, 2, 6, 6, 6, 6, 6, 6, 6, 6, 6, 6, 6, 6, 6, 6, 6, 6, 0, 6, 2, 6, 6, 6, 6, 0, 0, 6,
            6, 6, 6, 6, 6, 6, 5, 2, 5, 2, 5, 5, 5, 2, 6, 5, 0, 6, 5, 5, 5, 5, 5, 2, 6, 6, 6, 5, 5, 6, 6, 6, 6, 5, 5, 5, 2, 0, 0, 6,
            5, 5, 6, 6, 6, 5, 5, 6, 5, 6, 5, 0, 5, 5, 5, 5, 5, 2, 2, 2, 0, 0, 6, 5, 6, 0, 5, 5, 2, 2, 2, 6, 0, 6, 6, 0, 5, 2, 2, 6,
            2, 2, 6, 6, 2, 5, 6, 6, 6, 6, 5, 5, 0, 2, 2, 5, 5, 6, 5, 5, 6, 6, 6, 2, 2, 2, 5, 0, 6, 6, 2, 2, 6, 6, 0, 0, 5, 6, 2, 2,
            6, 6, 6, 6, 0, 6, 6, 5, 5, 6, 0, 5, 5, 6, 0, 5, 0, 0, 0, 5, 5, 0, 0, 0, 0, 0, 0, 0, 6, 6, 6, 2, 6, 6, 0, 6, 5, 6, 0, 2,
            5, 5, 5, 6, 6, 5, 5, 5, 6, 8, 8, 8, 8, 8, 8, 8, 8, 8, 8, 8, 8, 8, 8, 8, 8, 0, 8, 8, 6, 6, 6, 5, 5, 6, 6, 2, 2, 6, 2, 2,
            0, 0, 6, 2, 6, 5, 6, 5, 6, 0, 2, 2, 2, 2, 6, 6, 5, 2, 2, 2, 6, 6, 0, 10, 0, 0, 0, 6, 6, 6, 5, 5, 2, 2, 6, 2, 2, 2, 2, 0,
            0, 6, 6, 2, 6, 5, 6, 5, 6, 0, 10, 0, 10, 2, 6, 6, 5, 2, 2, 6, 6, 0, 0, 0, 0, 0, 10, 6, 6, 6, 0, 2, 2, 6, 6, 2, 0, 2, 2, 0,
            0, 6, 6, 2, 6, 6, 0, 5, 0, 6, 2, 0, 0, 0, 2, 6, 6, 5, 2, 6, 10, 0, 0, 0, 0, 0, 6, 6, 6, 6, 6, 2, 2, 5, 5, 2, 0, 6, 2, 2,
            5, 5, 2, 2, 5, 6, 5, 5, 0, 0, 2, 0, 0, 0, 0, 2, 6, 6, 6, 6, 0, 0, 0, 0, 0, 6, 6, 2, 2, 6, 6, 2, 2, 0, 5, 5, 6, 6, 2, 2,
            5, 0, 2, 2, 5, 5, 2, 2, 2, 6, 2, 2, 10, 0, 0, 0, 0, 5, 0, 0, 0, 0, 0, 0, 10, 6, 10, 0, 2, 6, 6, 2, 0, 0, 2, 0, 6, 6, 2, 0,
            0, 6, 2, 5, 5, 2, 6, 6, 0, 2, 2, 5, 6, 2, 6, 6, 0, 0, 0, 0, 0, 0, 6, 6, 6, 6, 0, 0, 2, 6, 0, 6, 6, 2, 2, 6, 6, 6, 2, 0,
            0, 2, 2, 5, 6, 2, 2, 2, 2, 2, 6, 6, 6, 6, 6, 6, 0, 0, 0, 10, 2, 6, 6, 0, 0, 0, 0, 0, 10, 6, 0, 0, 6, 2, 0, 0, 6, 6, 2, 2,
            6, 2, 6, 6, 6, 6, 6, 6, 6, 0, 6, 0, 0, 10, 0, 0, 0, 0, 0, 2, 6, 2, 2, 0, 0, 0, 6, 6, 6, 6, 5, 5, 2, 2, 6, 0, 0, 6, 6, 2,
            2, 2, 2, 2, 2, 2, 6, 6, 6, 6, 5, 10, 0, 0, 0, 0, 0, 0, 0, 0, 2, 2, 10, 0, 0, 0, 6, 6, 6, 6, 5, 5, 2, 2, 2, 2, 6, 6, 6, 2,
            0, 6, 6, 6, 0, 2, 2, 0, 6, 0, 2, 10, 0, 0, 0, 0, 5, 5, 0, 0, 0, 0, 0, 0, 0, 0, 0, 6, 6, 6, 0, 5, 5, 5, 0, 2, 6, 6, 6, 2,
            5, 6, 6, 2, 2, 2, 2, 6, 6, 0, 2, 0, 0, 10, 5, 5, 6, 6, 0, 0, 0, 0, 0, 0, 10, 0, 0, 0, 10, 6, 0, 5, 5, 5, 0, 6, 2, 2, 0, 2,
            5, 6, 5, 5, 5, 5, 2, 2, 2, 0, 2, 0, 0, 5, 6, 6, 6, 6, 6, 5, 5, 10, 5, 6, 6, 6, 0, 0, 0, 6, 0, 5, 5, 0, 6, 6, 2, 2, 2, 2,
            6, 5, 6, 2, 2, 5, 5, 6, 2, 2, 6, 0, 6, 2, 2, 5, 6, 6, 6, 6, 6, 6, 6, 2, 2, 5, 10, 0, 5, 6, 0, 2, 5, 5, 5, 2, 2, 6, 2, 0,
            6, 5, 6, 6, 6, 5, 6, 0, 0, 2, 2, 6, 6, 6, 2, 5, 5, 6, 2, 6, 2, 2, 2, 2, 2, 6, 6, 6, 6, 5, 5, 5, 5, 6, 6, 2, 0, 6, 2, 0,
            6, 5, 6, 6, 6, 6, 0, 5, 5, 5, 2, 2, 0, 2, 2, 2, 5, 5, 0, 0, 6, 0, 0, 0, 2, 2, 0, 5, 5, 5, 6, 2, 2, 6, 5, 2, 0, 6, 2, 0,
            6, 6, 6, 0, 5, 5, 5, 5, 2, 5, 5, 2, 0, 0, 2, 2, 2, 5, 2, 2, 2, 5, 5, 5, 2, 2, 5, 6, 6, 6, 6, 6, 2, 6, 6, 2, 6, 2, 2, 0,
            0, 6, 0, 5, 5, 2, 6, 6, 2, 0, 5, 5, 6, 6, 0, 6, 6, 6, 6, 0, 5, 5, 6, 6, 2, 6, 5, 6, 6, 6, 6, 6, 2, 2, 0, 2, 2, 5, 0, 2,
            2, 2, 2, 5, 2, 5, 5, 2, 2, 5, 2, 5, 5, 2, 6, 2, 2, 2, 6, 6, 6, 6, 2, 2, 2, 6, 5, 5, 6, 2, 2, 6, 6, 2, 0, 6, 2, 5, 2, 2,
            6, 5, 5, 2, 5, 5, 0, 2, 2, 5, 6, 2, 2, 5, 5, 2, 6, 2, 2, 2, 5, 2, 2, 6, 6, 6, 6, 5, 6, 2, 2, 6, 2, 2, 5, 0, 2, 5, 0, 0,
            5, 0, 2, 2, 5, 0, 5, 5, 6, 2, 6, 2, 6, 2, 5, 5, 5, 5, 5, 2, 5, 2, 2, 2, 0, 0, 0, 2, 2, 5, 5, 5, 5, 5, 5, 6, 6, 2, 6, 0,
            6, 6, 2, 6, 6, 0, 2, 2, 0, 2, 2, 2, 6, 6, 2, 6, 2, 2, 6, 2, 5, 2, 6, 2, 2, 6, 6, 2, 2, 6, 0, 2, 2, 0, 0, 0, 0, 0, 2, 0,
            0, 0, 2, 0, 2, 2, 2, 6, 6, 2, 2, 0, 0, 6, 2, 0, 0, 2, 2, 2, 5, 2, 0, 6, 2, 6, 6, 6, 2, 0, 0, 2, 2, 6, 6, 6, 6, 6, 2, 0],
         "height":30,
         "id":2,
         "name":"Obstacles",
         "opacity":1,
         "type":"tilelayer",
         "visible":true,
         "width":40,
         "x":0,
         "y":0
        }, 
        {
         "draworder":"topdown",
         "id":3,
         "name":"SpawnPoints",
         "objects":[
                {
                 "height":0,
                 "id":12,
                 "name":"SpawnPlayer",
                 "rotation":0,
                 "type":"",
                 "visible":true,
                 "width":0,
                 "x":368,
                 "y":640
                }],
         "opacity":1,
         "type":"objectgroup",
         "visible":true,
         "x":0,
         "y":0
        }, 
        {
         "draworder":"topdown",
         "id":4,
         "name":"Items",
         "objects":[
                {
                 "gid":3,
                 "height":32,
                 "id":2,
                 "name":"Mushroom",
                 "properties":[
                        {
                         "name":"damageHp",
                         "type":"int",
                         "value":20
                        }],
                 "rotation":0,
                 "type":"",
                 "visible":true,
                 "width":32,
                 "x":860.837,
                 "y":414.644
                }, 
                {
                 "gid":3,
                 "height":32,
                 "id":3,
                 "name":"Mushroom",
                 "properties":[
                        {
                         "name":"damageHp",
                         "type":"int",
                         "value":20
                        }],
                 "rotation":0,
                 "type":"",
                 "visible":true,
                 "width":32,
                 "x":897.397,
                 "y":638.891
                }, 
                {
                 "gid":3,
                 "height":32,
                 "id":4,
                 "name":"Mushroom",
                 "properties":[
                        {
                         "name":"damageHp",
                         "type":"int",
                         "value":20
                        }],
                 "rotation":0,
                 "type":"",
                 "visible":true,
                 "width":32,
                 "x":732.714,
                 "y":479.507
                }, 
                {
                 "gid":3,
                 "height":32,
                 "id":43,
                 "name":"Mushroom",
                 "properties":[
                        {
                         "name":"damageHp",
                         "type":"int",
                         "value":20
                        }],
                 "rotation":0,
                 "type":"",
                 "visible":true,
                 "width":32,
                 "x":737.381,
                 "y":604.84
                }, 
                {
                 "gid":3,
                 "height":32,
                 "id":5,
                 "name":"Mushroom",
                 "properties":[
                        {
                         "name":"damageHp",
                         "type":"int",
                         "value":20
                        }],
                 "rotation":0,
                 "type":"",
                 "visible":true,
                 "width":32,
                 "x":448,
                 "y":512
                }, 
                {
                 "gid":4,
                 "height":32,
                 "id":6,
                 "name":"Flower",
                 "properties":[
                        {
                         "name":"restoreHp",
                         "type":"int",
                         "value":10
                        }],
                 "rotation":0,
                 "type":"",
                 "visible":true,
                 "width":32,
                 "x":667.44,
                 "y":323.2863
                }, 
                {
                 "gid":4,
                 "height":32,
                 "id":41,
                 "name":"Flower",
                 "properties":[
                        {
                         "name":"restoreHp",
                         "type":"int",
                         "value":10
                        }],
                 "rotation":0,
                 "type":"",
                 "visible":true,
                 "width":32,
                 "x":346.7733,
                 "y":387.953
                }, 
                {
                 "gid":4,
                 "height":32,
                 "id":7,
                 "name":"Flower",
                 "properties":[
                        {
                         "name":"restoreHp",
                         "type":"int",
                         "value":10
                        }],
                 "rotation":0,
                 "type":"",
                 "visible":true,
                 "width":32,
                 "x":704,
                 "y":288
                }, 
                {
                 "gid":4,
                 "height":32,
                 "id":8,
                 "name":"Flower",
                 "properties":[
                        {
                         "name":"restoreHp",
                         "type":"int",
                         "value":10
                        }],
                 "rotation":0,
                 "type":"",
                 "visible":true,
                 "width":32,
                 "x":832,
                 "y":288
                }, 
                {
                 "gid":4,
                 "height":32,
                 "id":9,
                 "name":"Flower",
                 "properties":[
                        {
                         "name":"restoreHp",
                         "type":"int",
                         "value":10
                        }],
                 "rotation":0,
                 "type":"",
                 "visible":true,
                 "width":32,
                 "x":672,
                 "y":448
                }, 
                {
                 "gid":4,
                 "height":32,
                 "id":10,
                 "name":"Flower",
                 "properties":[
                        {
                         "name":"restoreHp",
                         "type":"int",
                         "value":10
                        }],
                 "rotation":0,
                 "type":"",
                 "visible":true,
                 "width":32,
                 "x":640.78,
                 "y":449.602
                }, 
                {
                 "gid":4,
                 "height":32,
                 "id":11,
                 "name":"Flower",
                 "properties":[
                        {
                         "name":"restoreHp",
                         "type":"int",
                         "value":10
                        }],
                 "rotation":0,
                 "type":"",
                 "visible":true,
                 "width":32,
                 "x":352,
                 "y":512
                }, 
                {
                 "gid":4,
                 "height":32,
                 "id":44,
                 "name":"Flower",
                 "properties":[
                        {
                         "name":"restoreHp",
                         "type":"int",
                         "value":10
                        }],
                 "rotation":0,
                 "type":"",
                 "visible":true,
                 "width":32,
                 "x":512,
                 "y":419.333
                }, 
                {
                 "gid":9,
                 "height":32,
                 "id":25,
                 "name":"FlowerWhite",
                 "rotation":0,
                 "type":"",
                 "visible":true,
                 "width":32,
                 "x":352,
                 "y":318
                }, 
                {
                 "gid":9,
                 "height":32,
                 "id":26,
                 "name":"FlowerWhite",
                 "rotation":0,
                 "type":"",
                 "visible":true,
                 "width":32,
                 "x":864.667,
                 "y":668
                }, 
                {
                 "gid":9,
                 "height":32,
                 "id":27,
                 "name":"FlowerWhite",
                 "rotation":0,
                 "type":"",
                 "visible":true,
                 "width":32,
                 "x":638.667,
                 "y":384
                }, 
                {
                 "gid":9,
                 "height":32,
                 "id":28,
                 "name":"FlowerWhite",
                 "rotation":0,
                 "type":"",
                 "visible":true,
                 "width":32,
                 "x":864.667,
                 "y":476.667
                }, 
                {
                 "gid":11,
                 "height":32,
                 "id":32,
                 "name":"Sunflower",
                 "rotation":0,
                 "type":"",
                 "visible":true,
                 "width":32,
                 "x":384.6667,
                 "y":511.333
                }, 
                {
                 "gid":11,
                 "height":32,
                 "id":34,
                 "name":"Sunflower",
                 "rotation":0,
                 "type":"",
                 "visible":true,
                 "width":32,
                 "x":766.667,
                 "y":482
                }, 
                {
                 "gid":12,
                 "height":32,
                 "id":36,
                 "name":"FlowerPurple",
                 "rotation":0,
                 "type":"",
                 "visible":true,
                 "width":32,
                 "x":577.333,
                 "y":608.667
                }, 
                {
                 "gid":12,
                 "height":32,
                 "id":42,
                 "name":"FlowerPurple",
                 "rotation":0,
                 "type":"",
                 "visible":true,
                 "width":32,
                 "x":578.667,
                 "y":480
                }, 
                {
                 "gid":12,
                 "height":32,
                 "id":37,
                 "name":"FlowerPurple",
                 "rotation":0,
                 "type":"",
                 "visible":true,
                 "width":32,
                 "x":836,
                 "y":578
                }, 
                {
                 "gid":12,
                 "height":32,
                 "id":38,
                 "name":"FlowerPurple",
                 "rotation":0,
                 "type":"",
                 "visible":true,
                 "width":32,
                 "x":836,
                 "y":578
                }, 
                {
                 "gid":12,
                 "height":32,
                 "id":40,
                 "name":"FlowerPurple",
                 "rotation":0,
                 "type":"",
                 "visible":true,
                 "width":32,
                 "x":417.3333,
                 "y":350
                }, 
                {
                 "gid":12,
                 "height":32,
                 "id":39,
                 "name":"FlowerPurple",
                 "rotation":0,
                 "type":"",
                 "visible":true,
                 "width":32,
                 "x":830.667,
                 "y":446.667
                }],
         "opacity":1,
         "type":"objectgroup",
         "visible":true,
         "x":0,
         "y":0
        }, 
        {
         "draworder":"topdown",
         "id":5,
         "name":"Doors",
         "objects":[
                {
                 "gid":7,
                 "height":32,
                 "id":1,
                 "name":"Cave",
                 "properties":[
                        {
                         "name":"goToWorld",
                         "type":"string",
                         "value":"level-03"
                        }],
                 "rotation":0,
                 "type":"",
                 "visible":true,
                 "width":32,
                 "x":800,
                 "y":256
                }],
         "opacity":1,
         "type":"objectgroup",
         "visible":true,
         "x":0,
         "y":0
        }],
 "nextlayerid":6,
 "nextobjectid":45,
 "orientation":"orthogonal",
 "renderorder":"right-down",
 "tiledversion":"1.11.2",
 "tileheight":32,
 "tilesets":[
        {
         "columns":4,
         "firstgid":1,
         "image":"..\/tileset.png",
         "imageheight":102,
         "imagewidth":136,
         "margin":1,
         "name":"tileset",
         "spacing":2,
         "tilecount":12,
         "tileheight":32,
         "tiles":[
                {
                 "id":1,
                 "properties":[
                        {
                         "name":"collides",
                         "type":"bool",
                         "value":true
                        }]
                }, 
                {
                 "id":4,
                 "properties":[
                        {
                         "name":"collides",
                         "type":"bool",
                         "value":true
                        }]
                }, 
                {
                 "id":5,
                 "properties":[
                        {
                         "name":"collides",
                         "type":"bool",
                         "value":true
                        }]
                }, 
                {
                 "id":7,
                 "properties":[
                        {
                         "name":"collides",
                         "type":"bool",
                         "value":true
                        }]
                }, 
                {
                 "id":9,
                 "properties":[
                        {
                         "name":"collides",
                         "type":"bool",
                         "value":true
                        }]
                }],
         "tilewidth":32
        }],
 "tilewidth":32,
 "type":"map",
 "version":"1.10",
 "width":40
}