{ "compressionlevel":-1,
 "height":50,
 "infinite":false,
 "layers":[
        {
         "data":[1, 1, 1, 1, 1, 1, 1, 1, 1, 1, 1, 1, 1, 1, 1, 1, 1, 1, 1, 1, 1, 1, 1, 1, 1, 1, 1, 1, 1, 1, 1, 1, 1, 1, 1, 1, 1, 1, 1, 1, 1, 1, 1, 1, 1, 1, 1, 1, 1, 1, 1, 1, 1, 1, 1, 1, 1, 1, 1, 1, 1, 1, 1, 1, 1, 1, 1, 1, 1, 1,
            1, 1, 1, 1, 1, 1, 1, 1, 1, 1, 1, 1, 1, 1, 1, 1, 1, 1, 1, 1, 1, 1, 1, 1, 1, 1, 1, 1, 1, 1, 1, 1, 1, 1, 1, 1, 1, 1, 1, 1, 1, 1, 1, 1, 1, 1, 1, 1, 1, 1, 1, 1, 1, 1, 1, 1, 1, 1, 1, 1, 1, 1, 1, 1, 1, 1, 1, 1, 1, 1,
            1, 1, 1, 1, 1, 1, 1, 1, 1, 1, 1, 1, 1, 1, 1, 1, 1, 1, 1, 1, 1, 1, 1, 1, 1, 1, 1, 1, 1, 1, 1, 1, 1, 1, 1, 1, 1, 1, 1, 1, 1, 1, 1, 1, 1, 1, 1, 1, 1, 1, 1, 1, 1, 1, 1, 1, 1, 1, 1, 1, 1, 1, 1, 1, 1, 1, 1, 1, 1, 1,
            1, 1, 1, 1, 1, 1, 1, 1, 1, 1, 1, 1, 1, 1, 1, 1, 1, 1, 1, 1, 1, 1, 1, 1, 1, 1, 1, 1, 1, 1, 1, 1, 1, 1, 1, 1, 1, 1, 1, 1, 1, 1, 1, 1, 1, 1, 1, 1, 1, 1, 1, 1, 1, 1, 1, 1, 1, 1, 1, 1, 1, 1, 1, 1, 1, 1, 1, 1, 1, 1,
            1, 1, 1, 1, 1, 1, 1, 1, 1, 1, 1, 1, 1, 1, 1, 1, 1, 1, 1, 1, 1, 1, 1, 1, 1, 1, 1, 1, 1, 1, 1, 1, 1, 1, 1, 1, 1, 1, 1, 1, 1, 1, 1, 1, 1, 1, 1, 1, 1, 1, 1, 1, 1, 1, 1, 1, 1, 1, 1, 1, 1, 1, 1, 1, 1, 1, 1, 1, 1, 1,
            1, 1, 1, 1, 1, 1, 1, 1, 1, 1, 1, 1, 1, 1, 1, 1, 1, 1, 1, 1, 1, 1, 1, 1, 1, 1, 1, 1, 1, 1, 1, 1, 1, 1, 1, 1, 1, 1, 1, 1, 1, 1, 1, 1, 1, 1, 1, 1, 1, 1, 1, 1, 1, 1, 1, 1, 1, 1, 1, 1, 1, 1, 1, 1, 1, 1, 1, 1, 1, 1,
            1, 1, 1, 1, 1, 1, 1, 1, 1, 1, 1, 1, 1, 1, 1, 1, 1, 1, 1, 1, 1, 1, 1, 1, 1, 1, 1, 1, 1, 1, 1, 1, 1, 1, 1, 1, 1, 1, 1, 1, 1, 1, 1, 1, 1, 1, 1, 1, 1, 1, 1, 1, 1, 1, 1, 1, 1, 1, 1, 1, 1, 1, 1, 1, 1, 1, 1, 1, 1, 1,
            1, 1, 1, 1, 1, 1, 1, 1, 1, 1, 1, 1, 1, 1, 1, 1, 1, 1, 1, 1, 1, 1, 1, 1, 1, 1, 1, 1, 1, 1, 1, 1, 1, 1, 1, 1, 1, 1, 1, 1, 1, 1, 1, 1, 1, 1, 1, 1, 1, 1, 1, 1, 1, 1, 1, 1, 1, 1, 1, 1, 1, 1, 1, 1, 1, 1, 1, 1, 1, 1,
            1, 1, 1, 1, 1, 1, 1, 1, 1, 1, 1, 1, 1, 1, 1, 1, 1, 1, 1, 1, 1, 1, 1, 1, 1, 1, 1, 1, 1, 1, 1, 1, 1, 1, 1, 1, 1, 1, 1, 1, 1, 1, 1, 1, 1, 1, 1, 1, 1, 1, 1, 1, 1, 1, 1, 1, 1, 1, 1, 1, 1, 1, 1, 1, 1, 1, 1, 1, 1, 1,
            1, 1, 1, 1, 1, 1, 1, 1, 1, 1, 1, 1, 1, 1, 1, 1, 1, 1, 1, 1, 1, 1, 1, 1, 1, 1, 1, 1, 1, 1, 1, 1, 1, 1, 1, 1, 1, 1, 1, 1, 1, 1, 1, 1, 1, 1, 1, 1, 1, 1, 1, 1, 1, 1, 1, 1, 1, 1, 1, 1, 1, 1, 1, 1, 1, 1, 1, 1, 1, 1,
            1, 1, 1, 1, 1, 1, 1, 1, 1, 1, 1, 1, 1, 1, 1, 1, 1, 1, 1, 1, 1, 1, 1, 1, 1, 1, 1, 1, 1, 1, 1, 1, 1, 1, 1, 1, 1, 1, 1, 1, 1, 1, 1, 1, 1, 1, 1, 1, 1, 1, 1, 1, 1, 1, 1, 1, 1, 1, 1, 1, 1, 1, 1, 1, 1, 1, 1, 1, 1, 1,
            1, 1, 1, 1, 1, 1, 1, 1, 1, 1, 1, 1, 1, 1, 1, 1, 1, 1, 1, 1, 1, 1, 1, 1, 1, 1, 1, 1, 1, 1, 1, 1, 1, 1, 1, 1, 1, 1, 1, 1, 1, 1, 1, 1, 1, 1, 1, 1, 1, 1, 1, 1, 1, 1, 1, 1, 1, 1, 1, 1, 1, 1, 1, 1, 1, 1, 1, 1, 1, 1,
            1, 1, 1, 1, 1, 1, 1, 1, 1, 1, 1, 1, 1, 1, 1, 1, 1, 1, 1, 1, 1, 1, 1, 1, 1, 1, 1, 1, 1, 1, 1, 1, 1, 1, 1, 1, 1, 1, 1, 1, 1, 1, 1, 1, 1, 1, 1, 1, 1, 1, 1, 1, 1, 1, 1, 1, 1, 1, 1, 1, 1, 1, 1, 1, 1, 1, 1, 1, 1, 1,
            1, 1, 1, 1, 1, 1, 1, 1, 1, 1, 1, 1, 1, 1, 1, 1, 1, 1, 1, 1, 1, 1, 1, 1, 1, 1, 1, 1, 1, 1, 1, 1, 1, 1, 1, 1, 1, 1, 1, 1, 1, 1, 1, 1, 1, 1, 1, 1, 1, 1, 1, 1, 1, 1, 1, 1, 1, 1, 1, 1, 1, 1, 1, 1, 1, 1, 1, 1, 1, 1,
            1, 1, 1, 1, 1, 1, 1, 1, 1, 1, 1, 1, 1, 1, 1, 1, 1, 1, 1, 1, 1, 1, 1, 1, 1, 1, 1, 1, 1, 1, 1, 1, 1, 1, 1, 1, 1, 1, 1, 1, 1, 1, 1, 1, 1, 1, 1, 1, 1, 1, 1, 1, 1, 1, 1, 1, 1, 1, 1, 1, 1, 1, 1, 1, 1, 1, 1, 1, 1, 1,
            1, 1, 1, 1, 1, 1, 1, 1, 1, 1, 1, 1, 1, 1, 1, 1, 1, 1, 1, 1, 1, 1, 1, 1, 1, 1, 1, 1, 1, 1, 1, 1, 1, 1, 1, 1, 1, 1, 1, 1, 1, 1, 1, 1, 1, 1, 1, 1, 1, 1, 1, 1, 1, 1, 1, 1, 1, 1, 1, 1, 1, 1, 1, 1, 1, 1, 1, 1, 1, 1,
            1, 1, 1, 1, 1, 1, 1, 1, 1, 1, 1, 1, 1, 1, 1, 1, 1, 1, 1, 1, 1, 1, 1, 1, 1, 1, 1, 1, 1, 1, 1, 1, 1, 1, 1, 1, 1, 1, 1, 1, 1, 1, 1, 1, 1, 1, 1, 1, 1, 1, 1, 1, 1, 1, 1, 1, 1, 1, 1, 1, 1, 1, 1, 1, 1, 1, 1, 1, 1, 1,
            1, 1, 1, 1, 1, 1, 1, 1, 1, 1, 1, 1, 1, 1, 1, 1, 1, 1, 1, 1, 1, 1, 1, 1, 1, 1, 1, 1, 1, 1, 1, 1, 1, 1, 1, 1, 1, 1, 1, 1, 1, 1, 1, 1, 1, 1, 1, 1, 1, 1, 1, 1, 1, 1, 1, 1, 1, 1, 1, 1, 1, 1, 1, 1, 1, 1, 1, 1, 1, 1,
            1, 1, 1, 1, 1, 1, 1, 1, 1, 1, 1, 1, 1, 1, 1, 1, 1, 1, 1, 1, 1, 1, 1, 1, 1, 1, 1, 1, 1, 1, 1, 1, 1, 1, 1, 1, 1, 1, 1, 1, 1, 1, 1, 1, 1, 1, 1, 1, 1, 1, 1, 1, 1, 1, 1, 1, 1, 1, 1, 1, 1, 1, 1, 1, 1, 1, 1, 1, 1, 1,
            1, 1, 1, 1, 1, 1, 1, 1, 1, 1, 1, 1, 1, 1, 1, 1, 1, 1, 1, 1, 1, 1, 1, 1, 1, 1, 1, 1, 1, 1, 1, 1, 1, 1, 1, 1, 1, 1, 1, 1, 1, 1, 1, 1, 1, 1, 1, 1, 1, 1, 1, 1, 1, 1, 1, 1, 1, 1, 1, 1, 1, 1, 1, 1, 1, 1, 1, 1, 1, 1,
            1, 1, 1, 1, 1, 1, 1, 1, 1, 1, 1, 1, 1, 1, 1, 1, 1, 1, 1, 1, 1, 1, 1, 1, 1, 1, 1, 1, 1, 1, 1, 1, 1, 1, 1, 1, 1, 1, 1, 1, 1, 1, 1, 1, 1, 1, 1, 1, 1, 1, 1, 1, 1, 1, 1, 1, 1, 1, 1, 1, 1, 1, 1, 1, 1, 1, 1, 1, 1, 1,
            1, 1, 1, 1, 1, 1, 1, 1, 1, 1, 1, 1, 1, 1, 1, 1, 1, 1, 1, 1, 1, 1, 1, 1, 1, 1, 1, 1, 1, 1, 1, 1, 1, 1, 1, 1, 1, 1, 1, 1, 1, 1, 1, 1, 1, 1, 1, 1, 1, 1, 1, 1, 1, 1, 1, 1, 1, 1, 1, 1, 1, 1, 1, 1, 1, 1, 1, 1, 1, 1,
            1, 1, 1, 1, 1, 1, 1, 1, 1, 1, 1, 1, 1, 1, 1, 1, 1, 1, 1, 1, 1, 1, 1, 1, 1, 1, 1, 1, 1, 1, 1, 1, 1, 1, 1, 1, 1, 1, 1, 1, 1, 1, 1, 1, 1, 1, 1, 1, 1, 1, 1, 1, 1, 1, 1, 1, 1, 1, 1, 1, 1, 1, 1, 1, 1, 1, 1, 1, 1, 1,
            1, 1, 1, 1, 1, 1, 1, 1, 1, 1, 1, 1, 1, 1, 1, 1, 1, 1, 1, 1, 1, 1, 1, 1, 1, 1, 1, 1, 1, 1, 1, 1, 1, 1, 1, 1, 1, 1, 1, 1, 1, 1, 1, 1, 1, 1, 1, 1, 1, 1, 1, 1, 1, 1, 1, 1, 1, 1, 1, 1, 1, 1, 1, 1, 1, 1, 1, 1, 1, 1,
            1, 1, 1, 1, 1, 1, 1, 1, 1, 1, 1, 1, 1, 1, 1, 1, 1, 1, 1, 1, 1, 1, 1, 1, 1, 1, 1, 1, 1, 1, 1, 1, 1, 1, 1, 1, 1, 1, 1, 1, 1, 1, 1, 1, 1, 1, 1, 1, 1, 1, 1, 1, 1, 1, 1, 1, 1, 1, 1, 1, 1, 1, 1, 1, 1, 1, 1, 1, 1, 1,
            1, 1, 1, 1, 1, 1, 1, 1, 1, 1, 1, 1, 1, 1, 1, 1, 1, 1, 1, 1, 1, 1, 1, 1, 1, 1, 1, 1, 1, 1, 1, 1, 1, 1, 1, 1, 1, 1, 1, 1, 1, 1, 1, 1, 1, 1, 1, 1, 1, 1, 1, 1, 1, 1, 1, 1, 1, 1, 1, 1, 1, 1, 1, 1, 1, 1, 1, 1, 1, 1,
            1, 1, 1, 1, 1, 1, 1, 1, 1, 1, 1, 1, 1, 1, 1, 1, 1, 1, 1, 1, 1, 1, 1, 1, 1, 1, 1, 1, 1, 1, 1, 1, 1, 1, 1, 1, 1, 1, 1, 1, 1, 1, 1, 1, 1, 1, 1, 1, 1, 1, 1, 1, 1, 1, 1, 1, 1, 1, 1, 1, 1, 1, 1, 1, 1, 1, 1, 1, 1, 1,
            1, 1, 1, 1, 1, 1, 1, 1, 1, 1, 1, 1, 1, 1, 1, 1, 1, 1, 1, 1, 1, 1, 1, 1, 1, 1, 1, 1, 1, 1, 1, 1, 1, 1, 1, 1, 1, 1, 1, 1, 1, 1, 1, 1, 1, 1, 1, 1, 1, 1, 1, 1, 1, 1, 1, 1, 1, 1, 1, 1, 1, 1, 1, 1, 1, 1, 1, 1, 1, 1,
            1, 1, 1, 1, 1, 1, 1, 1, 1, 1, 1, 1, 1, 1, 1, 1, 1, 1, 1, 1, 1, 1, 1, 1, 1, 1, 1, 1, 1, 1, 1, 1, 1, 1, 1, 1, 1, 1, 1, 1, 1, 1, 1, 1, 1, 1, 1, 1, 1, 1, 1, 1, 1, 1, 1, 1, 1, 1, 1, 1, 1, 1, 1, 1, 1, 1, 1, 1, 1, 1,
            1, 1, 1, 1, 1, 1, 1, 1, 1, 1, 1, 1, 1, 1, 1, 1, 1, 1, 1, 1, 1, 1, 1, 1, 1, 1, 1, 1, 1, 1, 1, 1, 1, 1, 1, 1, 1, 1, 1, 1, 1, 1, 1, 1, 1, 1, 1, 1, 1, 1, 1, 1, 1, 1, 1, 1, 1, 1, 1, 1, 1, 1, 1, 1, 1, 1, 1, 1, 1, 1,
            1, 1, 1, 1, 1, 1, 1, 1, 1, 1, 1, 1, 1, 1, 1, 1, 1, 1, 1, 1, 1, 1, 1, 1, 1, 1, 1, 1, 1, 1, 1, 1, 1, 1, 1, 1, 1, 1, 1, 1, 1, 1, 1, 1, 1, 1, 1, 1, 1, 1, 1, 1, 1, 1, 1, 1, 1, 1, 1, 1, 1, 1, 1, 1, 1, 1, 1, 1, 1, 1,
            1, 1, 1, 1, 1, 1, 1, 1, 1, 1, 1, 1, 1, 1, 1, 1, 1, 1, 1, 1, 1, 1, 1, 1, 1, 1, 1, 1, 1, 1, 1, 1, 1, 1, 1, 1, 1, 1, 1, 1, 1, 1, 1, 1, 1, 1, 1, 1, 1, 1, 1, 1, 1, 1, 1, 1, 1, 1, 1, 1, 1, 1, 1, 1, 1, 1, 1, 1, 1, 1,
            1, 1, 1, 1, 1, 1, 1, 1, 1, 1, 1, 1, 1, 1, 1, 1, 1, 1, 1, 1, 1, 1, 1, 1, 1, 1, 1, 1, 1, 1, 1, 1, 1, 1, 1, 1, 1, 1, 1, 1, 1, 1, 1, 1, 1, 1, 1, 1, 1, 1, 1, 1, 1, 1, 1, 1, 1, 1, 1, 1, 1, 1, 1, 1, 1, 1, 1, 1, 1, 1,
            1, 1, 1, 1, 1, 1, 1, 1, 1, 1, 1, 1, 1, 1, 1, 1, 1, 1, 1, 1, 1, 1, 1, 1, 1, 1, 1, 1, 1, 1, 1, 1, 1, 1, 1, 1, 1, 1, 1, 1, 1, 1, 1, 1, 1, 1, 1, 1, 1, 1, 1, 1, 1, 1, 1, 1, 1, 1, 1, 1, 1, 1, 1, 1, 1, 1, 1, 1, 1, 1,
            1, 1, 1, 1, 1, 1, 1, 1, 1, 1, 1, 1, 1, 1, 1, 1, 1, 1, 1, 1, 1, 1, 1, 1, 1, 1, 1, 1, 1, 1, 1, 1, 1, 1, 1, 1, 1, 1, 1, 1, 1, 1, 1, 1, 1, 1, 1, 1, 1, 1, 1, 1, 1, 1, 1, 1, 1, 1, 1, 1, 1, 1, 1, 1, 1, 1, 1, 1, 1, 1,
            1, 1, 1, 1, 1, 1, 1, 1, 1, 1, 1, 1, 1, 1, 1, 1, 1, 1, 1, 1, 1, 1, 1, 1, 1, 1, 1, 1, 1, 1, 1, 1, 1, 1, 1, 1, 1, 1, 1, 1, 1, 1, 1, 1, 1, 1, 1, 1, 1, 1, 1, 1, 1, 1, 1, 1, 1, 1, 1, 1, 1, 1, 1, 1, 1, 1, 1, 1, 1, 1,
            1, 1, 1, 1, 1, 1, 1, 1, 1, 1, 1, 1, 1, 1, 1, 1, 1, 1, 1, 1, 1, 1, 1, 1, 1, 1, 1, 1, 1, 1, 1, 1, 1, 1, 1, 1, 1, 1, 1, 1, 1, 1, 1, 1, 1, 1, 1, 1, 1, 1, 1, 1, 1, 1, 1, 1, 1, 1, 1, 1, 1, 1, 1, 1, 1, 1, 1, 1, 1, 1,
            1, 1, 1, 1, 1, 1, 1, 1, 1, 1, 1, 1, 1, 1, 1, 1, 1, 1, 1, 1, 1, 1, 1, 1, 1, 1, 1, 1, 1, 1, 1, 1, 1, 1, 1, 1, 1, 1, 1, 1, 1, 1, 1, 1, 1, 1, 1, 1, 1, 1, 1, 1, 1, 1, 1, 1, 1, 1, 1, 1, 1, 1, 1, 1, 1, 1, 1, 1, 1, 1,
            1, 1, 1, 1, 1, 1, 1, 1, 1, 1, 1, 1, 1, 1, 1, 1, 1, 1, 1, 1, 1, 1, 1, 1, 1, 1, 1, 1, 1, 1, 1, 1, 1, 1, 1, 1, 1, 1, 1, 1, 1, 1, 1, 1, 1, 1, 1, 1, 1, 1, 1, 1, 1, 1, 1, 1, 1, 1, 1, 1, 1, 1, 1, 1, 1, 1, 1, 1, 1, 1,
            1, 1, 1, 1, 1, 1, 1, 1, 1, 1, 1, 1, 1, 1, 1, 1, 1, 1, 1, 1, 1, 1, 1, 1, 1, 1, 1, 1, 1, 1, 1, 1, 1, 1, 1, 1, 1, 1, 1, 1, 1, 1, 1, 1, 1, 1, 1, 1, 1, 1, 1, 1, 1, 1, 1, 1, 1, 1, 1, 1, 1, 1, 1, 1, 1, 1, 1, 1, 1, 1,
            1, 1, 1, 1, 1, 1, 1, 1, 1, 1, 1, 1, 1, 1, 1, 1, 1, 1, 1, 1, 1, 1, 1, 1, 1, 1, 1, 1, 1, 1, 1, 1, 1, 1, 1, 1, 1, 1, 1, 1, 1, 1, 1, 1, 1, 1, 1, 1, 1, 1, 1, 1, 1, 1, 1, 1, 1, 1, 1, 1, 1, 1, 1, 1, 1, 1, 1, 1, 1, 1,
            1, 1, 1, 1, 1, 1, 1, 1, 1, 1, 1, 1, 1, 1, 1, 1, 1, 1, 1, 1, 1, 1, 1, 1, 1, 1, 1, 1, 1, 1, 1, 1, 1, 1, 1, 1, 1, 1, 1, 1, 1, 1, 1, 1, 1, 1, 1, 1, 1, 1, 1, 1, 1, 1, 1, 1, 1, 1, 1, 1, 1, 1, 1, 1, 1, 1, 1, 1, 1, 1,
            1, 1, 1, 1, 1, 1, 1, 1, 1, 1, 1, 1, 1, 1, 1, 1, 1, 1, 1, 1, 1, 1, 1, 1, 1, 1, 1, 1, 1, 1, 1, 1, 1, 1, 1, 1, 1, 1, 1, 1, 1, 1, 1, 1, 1, 1, 1, 1, 1, 1, 1, 1, 1, 1, 1, 1, 1, 1, 1, 1, 1, 1, 1, 1, 1, 1, 1, 1, 1, 1,
            1, 1, 1, 1, 1, 1, 1, 1, 1, 1, 1, 1, 1, 1, 1, 1, 1, 1, 1, 1, 1, 1, 1, 1, 1, 1, 1, 1, 1, 1, 1, 1, 1, 1, 1, 1, 1, 1, 1, 1, 1, 1, 1, 1, 1, 1, 1, 1, 1, 1, 1, 1, 1, 1, 1, 1, 1, 1, 1, 1, 1, 1, 1, 1, 1, 1, 1, 1, 1, 1,
            1, 1, 1, 1, 1, 1, 1, 1, 1, 1, 1, 1, 1, 1, 1, 1, 1, 1, 1, 1, 1, 1, 1, 1, 1, 1, 1, 1, 1, 1, 1, 1, 1, 1, 1, 1, 1, 1, 1, 1, 1, 1, 1, 1, 1, 1, 1, 1, 1, 1, 1, 1, 1, 1, 1, 1, 1, 1, 1, 1, 1, 1, 1, 1, 1, 1, 1, 1, 1, 1,
            1, 1, 1, 1, 1, 1, 1, 1, 1, 1, 1, 1, 1, 1, 1, 1, 1, 1, 1, 1, 1, 1, 1, 1, 1, 1, 1, 1, 1, 1, 1, 1, 1, 1, 1, 1, 1, 1, 1, 1, 1, 1, 1, 1, 1, 1, 1, 1, 1, 1, 1, 1, 1, 1, 1, 1, 1, 1, 1, 1, 1, 1, 1, 1, 1, 1, 1, 1, 1, 1,
            1, 1, 1, 1, 1, 1, 1, 1, 1, 1, 1, 1, 1, 1, 1, 1, 1, 1, 1, 1, 1, 1, 1, 1, 1, 1, 1, 1, 1, 1, 1, 1, 1, 1, 1, 1, 1, 1, 1, 1, 1, 1, 1, 1, 1, 1, 1, 1, 1, 1, 1, 1, 1, 1, 1, 1, 1, 1, 1, 1, 1, 1, 1, 1, 1, 1, 1, 1, 1, 1,
            1, 1, 1, 1, 1, 1, 1, 1, 1, 1, 1, 1, 1, 1, 1, 1, 1, 1, 1, 1, 1, 1, 1, 1, 1, 1, 1, 1, 1, 1, 1, 1, 1, 1, 1, 1, 1, 1, 1, 1, 1, 1, 1, 1, 1, 1, 1, 1, 1, 1, 1, 1, 1, 1, 1, 1, 1, 1, 1, 1, 1, 1, 1, 1, 1, 1, 1, 1, 1, 1,
            1, 1, 1, 1, 1, 1, 1, 1, 1, 1, 1, 1, 1, 1, 1, 1, 1, 1, 1, 1, 1, 1, 1, 1, 1, 1, 1, 1, 1, 1, 1, 1, 1, 1, 1, 1, 1, 1, 1, 1, 1, 1, 1, 1, 1, 1, 1, 1, 1, 1, 1, 1, 1, 1, 1, 1, 1, 1, 1, 1, 1, 1, 1, 1, 1, 1, 1, 1, 1, 1,
            1, 1, 1, 1, 1, 1, 1, 1, 1, 1, 1, 1, 1, 1, 1, 1, 1, 1, 1, 1, 1, 1, 1, 1, 1, 1, 1, 1, 1, 1, 1, 1, 1, 1, 1, 1, 1, 1, 1, 1, 1, 1, 1, 1, 1, 1, 1, 1, 1, 1, 1, 1, 1, 1, 1, 1, 1, 1, 1, 1, 1, 1, 1, 1, 1, 1, 1, 1, 1, 1],
         "height":50,
         "id":1,
         "name":"Background",
         "opacity":1,
         "type":"tilelayer",
         "visible":true,
         "width":70,
         "x":0,
         "y":0
        }, 
        {
         "data":[0, 0, 0, 0, 0, 6, 0, 0, 0, 0, 0, 0, 0, 0, 5, 0, 0, 6, 0, 6, 0, 0, 0, 0, 0, 0, 0, 0, 0, 0, 0, 0, 0, 0, 6, 6, 0, 0, 0, 0, 0, 6, 6, 6, 0, 0, 0, 0, 0, 0, 0, 0, 0, 0, 0, 0, 0, 0, 2, 2, 2, 2, 2, 0, 2, 2, 0, 0, 2, 2,
            0, 0, 0, 0, 6, 6, 6, 6, 0, 0, 0, 6, 6, 0, 5, 0, 6, 0, 2, 6, 6, 2, 2, 2, 2, 2, 6, 6, 6, 6, 6, 6, 6, 0, 0, 6, 6, 6, 0, 0, 2, 2, 2, 2, 2, 2, 2, 2, 2, 6, 6, 6, 6, 6, 6, 6, 6, 6, 6, 0, 0, 0, 0, 0, 0, 2, 0, 0, 2, 0,
            0, 0, 5, 5, 5, 5, 0, 6, 6, 0, 6, 6, 2, 2, 5, 5, 2, 2, 0, 0, 6, 6, 6, 6, 0, 0, 2, 2, 2, 2, 2, 2, 2, 2, 2, 2, 2, 2, 6, 2, 5, 5, 6, 6, 6, 6, 5, 0, 0, 0, 0, 2, 0, 0, 0, 2, 2, 6, 6, 6, 6, 6, 6, 2, 2, 2, 0, 0, 6, 6,
            0, 2, 2, 2, 5, 2, 2, 2, 2, 2, 2, 2, 0, 0, 0, 5, 0, 6, 6, 6, 0, 5, 6, 6, 5, 5, 5, 6, 6, 6, 6, 5, 6, 0, 5, 5, 5, 5, 0, 6, 6, 5, 5, 5, 0, 0, 0, 5, 0, 0, 2, 2, 6, 6, 2, 5, 5, 2, 2, 2, 2, 2, 2, 2, 6, 0, 0, 2, 6, 0,
            6, 6, 6, 6, 0, 0, 6, 6, 0, 0, 0, 6, 6, 6, 6, 5, 5, 6, 0, 5, 0, 0, 0, 6, 6, 6, 5, 5, 5, 5, 5, 5, 0, 0, 0, 0, 6, 6, 6, 6, 0, 0, 0, 0, 0, 0, 0, 5, 5, 0, 2, 2, 2, 6, 6, 6, 5, 5, 5, 0, 0, 0, 0, 0, 6, 6, 6, 6, 6, 0,
            2, 2, 6, 6, 6, 0, 6, 6, 2, 2, 6, 6, 6, 6, 6, 6, 5, 5, 5, 5, 0, 6, 6, 6, 6, 6, 6, 6, 6, 6, 6, 2, 2, 2, 2, 6, 6, 6, 6, 0, 0, 0, 2, 2, 2, 6, 6, 6, 6, 0, 2, 2, 0, 6, 6, 0, 6, 6, 6, 6, 5, 6, 6, 6, 6, 0, 0, 6, 6, 0,
            0, 2, 6, 6, 0, 2, 2, 2, 2, 5, 6, 5, 5, 6, 6, 2, 6, 6, 6, 6, 6, 6, 6, 6, 6, 2, 2, 2, 2, 2, 2, 2, 6, 6, 2, 2, 0, 5, 5, 5, 2, 6, 6, 6, 6, 2, 6, 6, 6, 6, 5, 5, 6, 6, 5, 5, 5, 5, 6, 6, 0, 5, 5, 5, 0, 6, 6, 6, 0, 6,
            0, 2, 2, 0, 0, 2, 5, 2, 6, 6, 5, 2, 2, 2, 6, 6, 6, 6, 6, 6, 6, 6, 6, 6, 6, 6, 6, 6, 6, 6, 6, 2, 2, 6, 6, 6, 6, 6, 6, 2, 2, 2, 2, 2, 6, 6, 6, 2, 2, 5, 2, 2, 2, 2, 2, 2, 2, 2, 5, 5, 6, 5, 5, 5, 2, 0, 6, 2, 0, 6,
            0, 6, 2, 0, 0, 2, 2, 6, 2, 2, 2, 2, 0, 2, 2, 2, 2, 2, 2, 2, 2, 2, 5, 5, 5, 6, 6, 6, 5, 5, 5, 2, 2, 6, 5, 0, 2, 2, 6, 6, 2, 2, 2, 2, 2, 5, 5, 5, 6, 6, 5, 2, 2, 6, 6, 2, 2, 2, 2, 2, 5, 5, 5, 6, 0, 0, 6, 5, 5, 6,
            0, 6, 2, 5, 0, 6, 0, 0, 2, 6, 6, 6, 2, 2, 0, 0, 0, 0, 0, 0, 0, 2, 5, 5, 5, 0, 0, 5, 5, 0, 0, 2, 2, 6, 6, 0, 2, 2, 0, 5, 5, 0, 0, 0, 0, 0, 2, 2, 2, 0, 0, 0, 6, 6, 6, 6, 5, 5, 5, 5, 5, 6, 0, 2, 6, 0, 6, 2, 5, 6,
            6, 6, 5, 0, 0, 6, 6, 6, 6, 6, 6, 8, 8, 8, 8, 8, 8, 8, 8, 8, 8, 8, 8, 8, 8, 8, 8, 8, 8, 8, 8, 8, 8, 8, 8, 8, 8, 8, 8, 8, 8, 8, 0, 8, 8, 8, 8, 8, 8, 8, 8, 8, 6, 6, 6, 6, 6, 6, 6, 6, 6, 6, 6, 6, 6, 6, 2, 0, 5, 0,
            6, 0, 5, 0, 0, 5, 6, 6, 0, 6, 2, 6, 6, 10, 0, 0, 0, 0, 0, 10, 10, 6, 6, 6, 2, 2, 2, 6, 6, 6, 6, 6, 6, 6, 6, 6, 6, 6, 2, 2, 6, 0, 0, 0, 0, 0, 6, 6, 6, 6, 6, 2, 2, 6, 6, 6, 6, 6, 6, 6, 6, 6, 6, 2, 6, 6, 2, 0, 5, 0,
            0, 0, 5, 0, 0, 6, 6, 0, 5, 0, 6, 6, 2, 10, 0, 0, 0, 0, 0, 0, 10, 10, 10, 6, 6, 6, 6, 6, 6, 6, 6, 0, 6, 6, 6, 6, 2, 2, 6, 6, 6, 10, 0, 0, 0, 10, 10, 0, 10, 6, 6, 2, 6, 6, 6, 6, 6, 6, 6, 6, 0, 0, 6, 6, 6, 6, 2, 0, 5, 0,
            6, 0, 2, 0, 0, 6, 2, 2, 2, 2, 6, 10, 10, 10, 0, 0, 0, 0, 0, 0, 0, 0, 10, 10, 6, 2, 6, 6, 6, 6, 5, 6, 6, 6, 5, 6, 2, 6, 6, 10, 10, 10, 0, 0, 0, 0, 10, 10, 10, 6, 6, 6, 0, 2, 5, 5, 0, 6, 6, 6, 6, 0, 6, 2, 0, 6, 2, 0, 6, 0,
            6, 0, 2, 6, 0, 5, 5, 0, 2, 2, 6, 10, 0, 0, 0, 0, 0, 0, 0, 0, 0, 0, 0, 10, 10, 6, 2, 6, 6, 5, 6, 6, 6, 6, 5, 5, 6, 10, 10, 10, 10, 0, 0, 0, 0, 0, 0, 0, 10, 10, 10, 6, 6, 2, 5, 5, 5, 2, 6, 6, 6, 5, 6, 2, 0, 6, 2, 0, 6, 0,
            6, 0, 2, 6, 2, 6, 5, 0, 6, 0, 10, 10, 0, 0, 0, 0, 0, 0, 0, 0, 0, 0, 0, 0, 10, 6, 2, 6, 5, 5, 6, 0, 6, 5, 0, 0, 2, 2, 6, 6, 2, 0, 0, 0, 0, 0, 0, 10, 10, 10, 10, 6, 6, 6, 2, 0, 5, 2, 2, 6, 0, 2, 6, 6, 6, 6, 6, 6, 6, 0,
            6, 0, 0, 6, 2, 6, 6, 6, 2, 0, 6, 2, 10, 0, 0, 0, 0, 0, 10, 10, 10, 10, 0, 0, 10, 6, 2, 6, 6, 6, 6, 6, 6, 6, 6, 6, 6, 0, 2, 6, 6, 10, 0, 0, 0, 0, 0, 10, 0, 10, 0, 10, 6, 6, 2, 2, 5, 0, 2, 6, 2, 2, 6, 6, 6, 2, 6, 6, 0, 0,
            6, 6, 5, 6, 2, 6, 6, 6, 6, 6, 6, 6, 6, 10, 2, 2, 2, 6, 6, 6, 6, 10, 0, 0, 0, 6, 2, 2, 5, 5, 6, 6, 6, 6, 6, 6, 6, 6, 0, 2, 2, 6, 0, 0, 0, 0, 0, 0, 0, 10, 10, 10, 6, 6, 0, 2, 5, 0, 2, 2, 2, 2, 2, 5, 0, 2, 6, 5, 0, 0,
            0, 6, 5, 6, 2, 6, 6, 2, 5, 0, 6, 2, 6, 6, 2, 6, 6, 2, 2, 6, 6, 10, 0, 0, 10, 6, 6, 2, 5, 5, 6, 5, 6, 6, 0, 6, 6, 6, 5, 0, 2, 2, 6, 10, 0, 0, 0, 0, 0, 0, 0, 10, 6, 6, 2, 2, 5, 5, 2, 6, 2, 2, 2, 5, 0, 2, 6, 5, 0, 5,
            0, 6, 5, 2, 2, 0, 6, 6, 5, 6, 6, 2, 6, 6, 6, 6, 6, 6, 2, 6, 10, 10, 0, 0, 10, 10, 6, 2, 0, 6, 6, 0, 6, 5, 2, 2, 2, 6, 6, 6, 0, 2, 6, 10, 0, 0, 0, 0, 0, 0, 10, 10, 10, 6, 6, 2, 2, 5, 2, 6, 2, 0, 2, 0, 2, 2, 5, 5, 6, 5,
            0, 5, 5, 2, 0, 0, 6, 6, 6, 0, 6, 6, 6, 2, 2, 2, 2, 6, 6, 2, 10, 10, 0, 0, 0, 10, 6, 2, 2, 6, 6, 6, 5, 5, 2, 6, 2, 0, 6, 6, 6, 2, 6, 10, 10, 0, 0, 0, 0, 0, 10, 0, 10, 0, 6, 2, 0, 2, 2, 5, 2, 0, 2, 6, 0, 6, 5, 0, 6, 5,
            0, 2, 6, 0, 0, 5, 5, 6, 5, 0, 2, 5, 5, 5, 5, 5, 2, 6, 6, 2, 6, 10, 0, 0, 0, 0, 6, 6, 2, 6, 6, 6, 2, 2, 2, 6, 2, 2, 2, 6, 6, 2, 6, 0, 10, 10, 0, 0, 0, 0, 0, 0, 0, 10, 6, 2, 5, 2, 6, 2, 5, 6, 6, 2, 0, 6, 5, 0, 0, 6,
            2, 6, 5, 5, 0, 5, 5, 5, 2, 0, 2, 5, 2, 2, 6, 6, 2, 6, 2, 2, 6, 10, 0, 0, 0, 0, 10, 6, 2, 2, 6, 0, 2, 0, 6, 6, 6, 6, 2, 2, 0, 2, 6, 10, 10, 10, 0, 0, 0, 0, 0, 0, 10, 10, 6, 2, 5, 2, 2, 6, 6, 6, 6, 2, 0, 6, 2, 0, 0, 6,
            2, 6, 6, 5, 0, 2, 2, 6, 6, 6, 2, 6, 6, 6, 6, 2, 2, 2, 2, 6, 6, 10, 0, 0, 0, 0, 10, 10, 6, 2, 2, 2, 2, 6, 6, 10, 10, 6, 6, 2, 2, 2, 6, 10, 0, 0, 0, 0, 0, 0, 0, 0, 10, 10, 6, 6, 5, 0, 6, 6, 2, 2, 6, 6, 2, 0, 2, 0, 0, 6,
            6, 6, 6, 5, 0, 2, 6, 5, 0, 6, 6, 6, 6, 6, 2, 2, 6, 6, 6, 2, 10, 10, 0, 0, 0, 0, 10, 10, 6, 6, 6, 6, 6, 0, 10, 10, 10, 10, 6, 6, 6, 6, 6, 10, 0, 0, 0, 0, 0, 0, 10, 10, 10, 10, 6, 6, 6, 2, 2, 6, 2, 2, 2, 2, 2, 0, 2, 5, 0, 6,
            6, 0, 6, 6, 0, 2, 6, 5, 0, 6, 6, 2, 2, 2, 6, 2, 2, 2, 2, 2, 0, 0, 0, 0, 0, 0, 0, 10, 0, 10, 10, 10, 10, 10, 10, 0, 0, 0, 10, 6, 6, 6, 0, 0, 0, 0, 0, 0, 0, 10, 10, 10, 6, 6, 6, 2, 6, 6, 2, 6, 0, 2, 2, 6, 2, 0, 2, 5, 0, 0,
            2, 0, 0, 5, 0, 0, 0, 6, 6, 6, 2, 6, 6, 6, 2, 2, 5, 10, 10, 10, 10, 0, 0, 0, 0, 0, 0, 10, 10, 10, 0, 0, 0, 0, 0, 0, 0, 0, 0, 10, 10, 10, 0, 0, 0, 0, 0, 0, 10, 0, 10, 6, 2, 2, 2, 2, 6, 6, 2, 6, 0, 2, 6, 6, 2, 0, 2, 5, 5, 0,
            0, 6, 5, 5, 6, 0, 5, 6, 5, 0, 2, 6, 2, 5, 5, 5, 10, 0, 10, 0, 10, 10, 0, 0, 0, 0, 0, 0, 0, 0, 0, 0, 0, 0, 0, 0, 0, 0, 0, 10, 0, 10, 10, 0, 0, 0, 0, 10, 10, 10, 10, 6, 2, 0, 2, 6, 6, 6, 5, 5, 5, 5, 6, 6, 6, 0, 5, 2, 5, 5,
            0, 2, 6, 0, 6, 5, 5, 6, 0, 6, 2, 6, 5, 5, 10, 10, 0, 0, 0, 0, 0, 0, 0, 0, 0, 0, 0, 0, 0, 0, 0, 10, 0, 0, 0, 0, 0, 0, 0, 0, 0, 10, 10, 0, 0, 0, 0, 10, 10, 10, 0, 6, 2, 0, 6, 6, 5, 5, 2, 6, 5, 0, 0, 6, 0, 0, 5, 5, 5, 5,
            0, 2, 0, 6, 6, 2, 6, 6, 5, 6, 2, 6, 2, 5, 10, 0, 0, 0, 0, 0, 0, 0, 0, 0, 10, 10, 0, 0, 0, 10, 10, 0, 0, 0, 0, 0, 0, 0, 0, 0, 0, 0, 0, 0, 10, 10, 10, 10, 0, 6, 6, 2, 2, 6, 6, 5, 5, 5, 2, 6, 5, 5, 5, 6, 2, 0, 6, 2, 5, 6,
            0, 2, 0, 6, 6, 6, 6, 6, 5, 0, 2, 6, 2, 5, 10, 0, 10, 0, 0, 0, 0, 0, 0, 10, 0, 2, 2, 6, 6, 10, 0, 0, 0, 0, 0, 0, 0, 0, 0, 0, 0, 0, 0, 0, 10, 10, 10, 6, 6, 6, 2, 6, 6, 6, 0, 5, 0, 5, 2, 6, 0, 2, 5, 6, 6, 6, 0, 2, 5, 6,
            0, 5, 2, 6, 0, 6, 2, 6, 5, 0, 6, 2, 2, 2, 10, 10, 10, 0, 0, 0, 0, 0, 0, 0, 2, 2, 6, 6, 6, 6, 0, 10, 10, 10, 10, 10, 0, 0, 0, 0, 0, 0, 0, 10, 10, 6, 6, 2, 2, 2, 2, 6, 0, 6, 5, 5, 5, 5, 2, 6, 0, 2, 6, 5, 6, 6, 0, 2, 5, 0,
            5, 5, 2, 6, 0, 6, 2, 2, 5, 0, 6, 2, 10, 10, 0, 0, 0, 0, 0, 0, 10, 10, 10, 2, 2, 6, 6, 6, 2, 6, 6, 6, 10, 10, 2, 10, 10, 0, 0, 10, 10, 0, 10, 10, 6, 6, 6, 2, 5, 5, 5, 5, 6, 5, 5, 0, 5, 6, 2, 6, 0, 2, 2, 0, 6, 6, 0, 2, 5, 0,
            5, 0, 2, 0, 6, 6, 0, 2, 5, 0, 6, 2, 10, 0, 0, 0, 0, 0, 0, 10, 10, 6, 6, 6, 6, 6, 6, 2, 6, 5, 5, 6, 6, 6, 6, 6, 10, 10, 10, 10, 10, 10, 2, 6, 6, 2, 6, 6, 5, 5, 5, 5, 5, 5, 6, 5, 5, 6, 2, 6, 5, 6, 2, 0, 6, 6, 0, 0, 5, 0,
            0, 5, 5, 0, 6, 6, 5, 2, 2, 0, 6, 2, 0, 0, 0, 0, 0, 0, 0, 10, 6, 6, 2, 5, 2, 2, 2, 2, 6, 6, 5, 5, 6, 6, 6, 6, 2, 2, 10, 10, 10, 6, 6, 6, 2, 2, 2, 6, 6, 6, 6, 5, 5, 5, 5, 5, 0, 6, 2, 6, 5, 6, 2, 0, 6, 6, 0, 0, 5, 0,
            0, 0, 5, 0, 6, 6, 0, 2, 5, 2, 6, 2, 0, 0, 0, 0, 0, 10, 10, 10, 6, 2, 2, 0, 6, 5, 5, 5, 5, 5, 6, 5, 5, 6, 6, 6, 6, 6, 2, 2, 6, 6, 6, 2, 6, 6, 2, 6, 6, 6, 2, 5, 0, 6, 0, 0, 6, 6, 2, 6, 0, 0, 2, 0, 6, 6, 0, 0, 5, 0,
            0, 6, 5, 6, 6, 6, 2, 2, 5, 2, 6, 2, 0, 0, 0, 0, 0, 10, 6, 6, 2, 2, 5, 5, 5, 5, 6, 6, 6, 6, 6, 2, 2, 2, 2, 2, 2, 6, 0, 2, 6, 6, 2, 2, 2, 6, 2, 2, 2, 6, 6, 6, 6, 6, 6, 6, 6, 2, 2, 6, 0, 0, 2, 6, 6, 6, 6, 6, 5, 0,
            0, 6, 5, 6, 0, 6, 2, 2, 5, 0, 6, 2, 0, 0, 0, 0, 0, 0, 6, 2, 6, 6, 6, 5, 5, 5, 2, 6, 6, 6, 6, 6, 6, 6, 6, 6, 6, 6, 6, 6, 6, 6, 2, 2, 2, 6, 6, 6, 6, 6, 6, 6, 6, 2, 2, 2, 6, 2, 6, 6, 6, 5, 2, 6, 6, 0, 6, 6, 5, 5,
            0, 0, 5, 6, 0, 5, 5, 5, 6, 0, 6, 2, 6, 6, 0, 0, 6, 6, 6, 6, 6, 6, 6, 6, 6, 6, 6, 6, 8, 8, 8, 8, 8, 8, 8, 8, 8, 8, 8, 6, 6, 6, 6, 6, 6, 6, 8, 8, 8, 8, 8, 8, 6, 6, 2, 2, 6, 6, 6, 6, 6, 0, 6, 5, 6, 0, 6, 6, 2, 5,
            6, 0, 2, 2, 0, 5, 6, 6, 6, 6, 6, 6, 6, 6, 8, 8, 6, 6, 8, 8, 8, 8, 8, 8, 8, 8, 8, 8, 8, 8, 8, 8, 8, 8, 8, 8, 6, 6, 6, 6, 6, 6, 6, 6, 6, 8, 6, 8, 8, 6, 8, 8, 8, 6, 6, 6, 6, 6, 2, 6, 6, 5, 6, 5, 6, 0, 6, 0, 2, 5,
            6, 0, 5, 2, 0, 5, 6, 6, 6, 6, 6, 2, 2, 6, 6, 6, 6, 6, 6, 2, 2, 6, 6, 0, 0, 0, 0, 0, 6, 6, 6, 0, 0, 0, 0, 6, 6, 6, 6, 0, 6, 6, 6, 0, 0, 6, 6, 0, 6, 6, 6, 6, 0, 0, 2, 2, 0, 0, 0, 6, 6, 6, 6, 6, 0, 0, 6, 0, 2, 5,
            0, 6, 5, 5, 0, 5, 6, 6, 0, 6, 2, 2, 2, 6, 6, 5, 6, 6, 6, 6, 6, 6, 5, 6, 6, 6, 6, 6, 5, 0, 5, 6, 6, 5, 6, 6, 6, 5, 6, 6, 6, 0, 5, 6, 6, 0, 5, 5, 6, 6, 6, 5, 5, 2, 2, 6, 6, 6, 6, 6, 6, 6, 6, 6, 0, 0, 6, 6, 2, 5,
            0, 6, 5, 5, 0, 2, 5, 0, 0, 2, 2, 6, 6, 0, 5, 5, 5, 5, 2, 6, 6, 0, 5, 5, 5, 0, 0, 5, 5, 0, 5, 5, 5, 5, 2, 2, 6, 5, 5, 2, 2, 5, 5, 2, 2, 2, 2, 5, 6, 2, 2, 2, 5, 0, 0, 5, 0, 0, 5, 0, 6, 5, 5, 6, 0, 0, 0, 6, 2, 5,
            0, 5, 5, 0, 0, 6, 5, 5, 2, 2, 5, 5, 0, 5, 5, 2, 6, 5, 6, 6, 5, 6, 0, 0, 6, 5, 5, 6, 6, 0, 6, 5, 2, 2, 6, 6, 6, 6, 5, 5, 5, 0, 0, 0, 0, 6, 6, 6, 6, 6, 6, 0, 0, 5, 5, 6, 0, 5, 5, 6, 6, 0, 5, 6, 6, 0, 0, 6, 2, 5,
            5, 5, 6, 0, 0, 0, 5, 5, 0, 0, 5, 5, 5, 5, 6, 6, 6, 5, 6, 6, 6, 6, 6, 6, 6, 0, 0, 2, 2, 6, 6, 2, 0, 0, 0, 0, 6, 6, 6, 6, 6, 6, 0, 6, 6, 6, 6, 6, 0, 0, 6, 0, 0, 6, 5, 6, 6, 6, 6, 6, 6, 6, 6, 6, 6, 0, 2, 6, 0, 5,
            0, 6, 6, 6, 6, 5, 0, 6, 6, 6, 5, 0, 6, 6, 6, 6, 0, 5, 5, 0, 0, 0, 0, 0, 2, 2, 2, 6, 6, 0, 0, 0, 0, 0, 0, 0, 0, 5, 0, 0, 0, 0, 0, 0, 0, 0, 0, 6, 5, 5, 5, 0, 0, 0, 5, 0, 0, 0, 6, 6, 6, 0, 0, 0, 0, 2, 6, 6, 0, 5,
            0, 6, 6, 2, 2, 5, 2, 2, 5, 5, 5, 2, 2, 0, 0, 6, 6, 2, 5, 0, 0, 0, 0, 2, 2, 0, 2, 2, 6, 6, 0, 0, 0, 2, 2, 2, 5, 5, 0, 0, 6, 6, 6, 0, 5, 2, 2, 6, 6, 6, 0, 5, 5, 5, 5, 2, 2, 2, 2, 5, 0, 0, 0, 0, 2, 2, 6, 6, 0, 5,
            0, 0, 5, 5, 5, 5, 5, 5, 2, 2, 2, 2, 2, 2, 2, 0, 2, 2, 5, 5, 0, 6, 6, 6, 0, 0, 0, 5, 5, 2, 2, 2, 2, 2, 6, 5, 5, 5, 6, 6, 6, 0, 2, 5, 5, 6, 2, 2, 0, 6, 6, 5, 6, 6, 6, 6, 5, 5, 5, 5, 2, 0, 0, 2, 2, 6, 6, 6, 0, 5,
            0, 5, 6, 0, 5, 0, 5, 5, 5, 5, 6, 6, 6, 6, 6, 6, 2, 6, 6, 6, 5, 5, 6, 0, 0, 5, 5, 5, 0, 2, 2, 6, 6, 6, 6, 0, 2, 5, 5, 2, 2, 2, 5, 5, 0, 0, 6, 2, 5, 5, 5, 5, 6, 2, 2, 6, 6, 5, 5, 6, 5, 2, 5, 5, 5, 5, 5, 5, 0, 0,
            0, 5, 5, 5, 5, 0, 0, 0, 0, 5, 5, 0, 0, 0, 0, 6, 6, 6, 0, 2, 2, 5, 5, 2, 5, 5, 0, 0, 0, 0, 0, 0, 0, 0, 0, 0, 0, 5, 5, 0, 0, 0, 0, 0, 0, 0, 0, 0, 2, 2, 2, 0, 0, 2, 0, 0, 0, 0, 6, 0, 5, 0, 5, 6, 6, 0, 0, 0, 5, 0],
         "height":50,
         "id":2,
         "name":"Obstacles",
         "opacity":1,
         "type":"tilelayer",
         "visible":true,
         "width":70,
         "x":0,
         "y":0
        }, 
        {
         "draworder":"topdown",
         "id":3,
         "name":"SpawnPoints",
         "objects":[
                {
                 "height":0,
                 "id":1,
                 "name":"SpawnPlayer",
                 "rotation":0,
                 "type":"",
                 "visible":true,
                 "width":0,
                 "x":462.03,
                 "y":1200.58
                }],
         "opacity":1,
         "type":"objectgroup",
         "visible":true,
         "x":0,
         "y":0
        }, 
        {
         "draworder":"topdown",
         "id":4,
         "name":"Items",
         "objects":[
                {
                 "gid":3,
                 "height":32,
                 "id":100,
                 "name":"Mushroom",
                 "rotation":0,
                 "type":"",
                 "visible":true,
                 "width":32,
                 "x":418.431,
                 "y":543.806
                }, 
                {
                 "gid":3,
                 "height":32,
                 "id":176,
                 "name":"Mushroom",
                 "rotation":0,
                 "type":"",
                 "visible":true,
                 "width":32,
                 "x":543.431,
                 "y":383.473
                }, 
                {
                 "gid":3,
                 "height":32,
                 "id":177,
                 "name":"Mushroom",
                 "rotation":0,
                 "type":"",
                 "visible":true,
                 "width":32,
                 "x":739.765,
                 "y":512.139
                }, 
                {
                 "gid":3,
                 "height":32,
                 "id":178,
                 "name":"Mushroom",
                 "rotation":0,
                 "type":"",
                 "visible":true,
                 "width":32,
                 "x":800.765,
                 "y":735.139
                }, 
                {
                 "gid":3,
                 "height":32,
                 "id":179,
                 "name":"Mushroom",
                 "rotation":0,
                 "type":"",
                 "visible":true,
                 "width":32,
                 "x":638.098,
                 "y":926.473
                }, 
                {
                 "gid":3,
                 "height":32,
                 "id":180,
                 "name":"Mushroom",
                 "rotation":0,
                 "type":"",
                 "visible":true,
                 "width":32,
                 "x":639.765,
                 "y":832.139
                }, 
                {
                 "gid":3,
                 "height":32,
                 "id":181,
                 "name":"Mushroom",
                 "rotation":0,
                 "type":"",
                 "visible":true,
                 "width":32,
                 "x":705.431,
                 "y":1023.806
                }, 
                {
                 "gid":3,
                 "height":32,
                 "id":185,
                 "name":"Mushroom",
                 "rotation":0,
                 "type":"",
                 "visible":true,
                 "width":32,
                 "x":927.098,
                 "y":895.473
                }, 
                {
                 "gid":3,
                 "height":32,
                 "id":186,
                 "name":"Mushroom",
                 "rotation":0,
                 "type":"",
                 "visible":true,
                 "width":32,
                 "x":1118.098,
                 "y":832.473
                }, 
                {
                 "gid":3,
                 "height":32,
                 "id":187,
                 "name":"Mushroom",
                 "rotation":0,
                 "type":"",
                 "visible":true,
                 "width":32,
                 "x":1056.098,
                 "y":991.139
                }, 
                {
                 "gid":3,
                 "height":32,
                 "id":188,
                 "name":"Mushroom",
                 "rotation":0,
                 "type":"",
                 "visible":true,
                 "width":32,
                 "x":1278.43,
                 "y":895.473
                }, 
                {
                 "gid":3,
                 "height":32,
                 "id":190,
                 "name":"Mushroom",
                 "rotation":0,
                 "type":"",
                 "visible":true,
                 "width":32,
                 "x":1341.1,
                 "y":831.806
                }, 
                {
                 "gid":3,
                 "height":32,
                 "id":191,
                 "name":"Mushroom",
                 "rotation":0,
                 "type":"",
                 "visible":true,
                 "width":32,
                 "x":1568.76,
                 "y":798.806
                }, 
                {
                 "gid":3,
                 "height":32,
                 "id":192,
                 "name":"Mushroom",
                 "rotation":0,
                 "type":"",
                 "visible":true,
                 "width":32,
                 "x":1597.1,
                 "y":607.473
                }, 
                {
                 "gid":3,
                 "height":32,
                 "id":193,
                 "name":"Mushroom",
                 "rotation":0,
                 "type":"",
                 "visible":true,
                 "width":32,
                 "x":1535.43,
                 "y":543.139
                }, 
                {
                 "gid":3,
                 "height":32,
                 "id":194,
                 "name":"Mushroom",
                 "rotation":0,
                 "type":"",
                 "visible":true,
                 "width":32,
                 "x":1407.43,
                 "y":639.806
                }, 
                {
                 "gid":3,
                 "height":32,
                 "id":195,
                 "name":"Mushroom",
                 "rotation":0,
                 "type":"",
                 "visible":true,
                 "width":32,
                 "x":1373.43,
                 "y":543.139
                }, 
                {
                 "gid":3,
                 "height":32,
                 "id":196,
                 "name":"Mushroom",
                 "rotation":0,
                 "type":"",
                 "visible":true,
                 "width":32,
                 "x":1311.43,
                 "y":383.139
                }, 
                {
                 "gid":3,
                 "height":32,
                 "id":189,
                 "name":"Mushroom",
                 "rotation":0,
                 "type":"",
                 "visible":true,
                 "width":32,
                 "x":1278.43,
                 "y":1024.139
                }, 
                {
                 "gid":3,
                 "height":32,
                 "id":184,
                 "name":"Mushroom",
                 "rotation":0,
                 "type":"",
                 "visible":true,
                 "width":32,
                 "x":544.765,
                 "y":893.473
                }, 
                {
                 "gid":3,
                 "height":32,
                 "id":182,
                 "name":"Mushroom",
                 "rotation":0,
                 "type":"",
                 "visible":true,
                 "width":32,
                 "x":382.765,
                 "y":1214.47
                }, 
                {
                 "gid":3,
                 "height":32,
                 "id":183,
                 "name":"Mushroom",
                 "rotation":0,
                 "type":"",
                 "visible":true,
                 "width":32,
                 "x":383.431,
                 "y":1118.806
                }, 
                {
                 "gid":9,
                 "height":32,
                 "id":9,
                 "name":"FlowerWhite",
                 "rotation":0,
                 "type":"",
                 "visible":true,
                 "width":32,
                 "x":514.33,
                 "y":543.529
                }, 
                {
                 "gid":9,
                 "height":32,
                 "id":197,
                 "name":"FlowerWhite",
                 "rotation":0,
                 "type":"",
                 "visible":true,
                 "width":32,
                 "x":448.997,
                 "y":383.862
                }, 
                {
                 "gid":9,
                 "height":32,
                 "id":198,
                 "name":"FlowerWhite",
                 "rotation":0,
                 "type":"",
                 "visible":true,
                 "width":32,
                 "x":416.33,
                 "y":480.196
                }, 
                {
                 "gid":9,
                 "height":32,
                 "id":199,
                 "name":"FlowerWhite",
                 "rotation":0,
                 "type":"",
                 "visible":true,
                 "width":32,
                 "x":608.664,
                 "y":511.862
                }, 
                {
                 "gid":9,
                 "height":32,
                 "id":200,
                 "name":"FlowerWhite",
                 "rotation":0,
                 "type":"",
                 "visible":true,
                 "width":32,
                 "x":703.664,
                 "y":704.862
                }, 
                {
                 "gid":9,
                 "height":32,
                 "id":201,
                 "name":"FlowerWhite",
                 "rotation":0,
                 "type":"",
                 "visible":true,
                 "width":32,
                 "x":705.33,
                 "y":896.862
                }, 
                {
                 "gid":9,
                 "height":32,
                 "id":207,
                 "name":"FlowerWhite",
                 "rotation":0,
                 "type":"",
                 "visible":true,
                 "width":32,
                 "x":835.997,
                 "y":959.862
                }, 
                {
                 "gid":9,
                 "height":32,
                 "id":208,
                 "name":"FlowerWhite",
                 "rotation":0,
                 "type":"",
                 "visible":true,
                 "width":32,
                 "x":1022.664,
                 "y":864.529
                }, 
                {
                 "gid":9,
                 "height":32,
                 "id":210,
                 "name":"FlowerWhite",
                 "rotation":0,
                 "type":"",
                 "visible":true,
                 "width":32,
                 "x":1117.664,
                 "y":991.196
                }, 
                {
                 "gid":9,
                 "height":32,
                 "id":211,
                 "name":"FlowerWhite",
                 "rotation":0,
                 "type":"",
                 "visible":true,
                 "width":32,
                 "x":1152.33,
                 "y":831.196
                }, 
                {
                 "gid":9,
                 "height":32,
                 "id":212,
                 "name":"FlowerWhite",
                 "rotation":0,
                 "type":"",
                 "visible":true,
                 "width":32,
                 "x":1218,
                 "y":894.196
                }, 
                {
                 "gid":9,
                 "height":32,
                 "id":214,
                 "name":"FlowerWhite",
                 "rotation":0,
                 "type":"",
                 "visible":true,
                 "width":32,
                 "x":1279.33,
                 "y":961.529
                }, 
                {
                 "gid":9,
                 "height":32,
                 "id":215,
                 "name":"FlowerWhite",
                 "rotation":0,
                 "type":"",
                 "visible":true,
                 "width":32,
                 "x":1375.33,
                 "y":928.196
                }, 
                {
                 "gid":9,
                 "height":32,
                 "id":216,
                 "name":"FlowerWhite",
                 "rotation":0,
                 "type":"",
                 "visible":true,
                 "width":32,
                 "x":1410,
                 "y":768.862
                }, 
                {
                 "gid":9,
                 "height":32,
                 "id":217,
                 "name":"FlowerWhite",
                 "rotation":0,
                 "type":"",
                 "visible":true,
                 "width":32,
                 "x":1536.33,
                 "y":801.196
                }, 
                {
                 "gid":9,
                 "height":32,
                 "id":219,
                 "name":"FlowerWhite",
                 "rotation":0,
                 "type":"",
                 "visible":true,
                 "width":32,
                 "x":1630.66,
                 "y":767.196
                }, 
                {
                 "gid":9,
                 "height":32,
                 "id":221,
                 "name":"FlowerWhite",
                 "rotation":0,
                 "type":"",
                 "visible":true,
                 "width":32,
                 "x":1405.66,
                 "y":573.196
                }, 
                {
                 "gid":9,
                 "height":32,
                 "id":223,
                 "name":"FlowerWhite",
                 "rotation":0,
                 "type":"",
                 "visible":true,
                 "width":32,
                 "x":1312.66,
                 "y":479.196
                }, 
                {
                 "gid":9,
                 "height":32,
                 "id":224,
                 "name":"FlowerWhite",
                 "rotation":0,
                 "type":"",
                 "visible":true,
                 "width":32,
                 "x":1408.33,
                 "y":416.196
                }, 
                {
                 "gid":9,
                 "height":32,
                 "id":225,
                 "name":"FlowerWhite",
                 "rotation":0,
                 "type":"",
                 "visible":true,
                 "width":32,
                 "x":1378.66,
                 "y":385.196
                }, 
                {
                 "gid":9,
                 "height":32,
                 "id":222,
                 "name":"FlowerWhite",
                 "rotation":0,
                 "type":"",
                 "visible":true,
                 "width":32,
                 "x":1472,
                 "y":639.529
                }, 
                {
                 "gid":9,
                 "height":32,
                 "id":220,
                 "name":"FlowerWhite",
                 "rotation":0,
                 "type":"",
                 "visible":true,
                 "width":32,
                 "x":1667.33,
                 "y":703.529
                }, 
                {
                 "gid":9,
                 "height":32,
                 "id":213,
                 "name":"FlowerWhite",
                 "rotation":0,
                 "type":"",
                 "visible":true,
                 "width":32,
                 "x":1216.33,
                 "y":1055.529
                }, 
                {
                 "gid":9,
                 "height":32,
                 "id":209,
                 "name":"FlowerWhite",
                 "rotation":0,
                 "type":"",
                 "visible":true,
                 "width":32,
                 "x":964.664,
                 "y":1024.196
                }, 
                {
                 "gid":9,
                 "height":32,
                 "id":206,
                 "name":"FlowerWhite",
                 "rotation":0,
                 "type":"",
                 "visible":true,
                 "width":32,
                 "x":672.664,
                 "y":831.196
                }, 
                {
                 "gid":9,
                 "height":32,
                 "id":205,
                 "name":"FlowerWhite",
                 "rotation":0,
                 "type":"",
                 "visible":true,
                 "width":32,
                 "x":514.997,
                 "y":959.529
                }, 
                {
                 "gid":9,
                 "height":32,
                 "id":202,
                 "name":"FlowerWhite",
                 "rotation":0,
                 "type":"",
                 "visible":true,
                 "width":32,
                 "x":512.997,
                 "y":1055.529
                }, 
                {
                 "gid":9,
                 "height":32,
                 "id":204,
                 "name":"FlowerWhite",
                 "rotation":0,
                 "type":"",
                 "visible":true,
                 "width":32,
                 "x":447.33,
                 "y":1087.529
                }, 
                {
                 "gid":9,
                 "height":32,
                 "id":203,
                 "name":"FlowerWhite",
                 "rotation":0,
                 "type":"",
                 "visible":true,
                 "width":32,
                 "x":512.33,
                 "y":1216.53
                }, 
                {
                 "gid":12,
                 "height":32,
                 "id":59,
                 "name":"FlowerPurple",
                 "rotation":0,
                 "type":"",
                 "visible":true,
                 "width":32,
                 "x":704.333,
                 "y":479.333
                }, 
                {
                 "gid":12,
                 "height":32,
                 "id":131,
                 "name":"FlowerPurple",
                 "rotation":0,
                 "type":"",
                 "visible":true,
                 "width":32,
                 "x":736.667,
                 "y":575.666
                }, 
                {
                 "gid":12,
                 "height":32,
                 "id":133,
                 "name":"FlowerPurple",
                 "rotation":0,
                 "type":"",
                 "visible":true,
                 "width":32,
                 "x":547.333,
                 "y":543
                }, 
                {
                 "gid":12,
                 "height":32,
                 "id":132,
                 "name":"FlowerPurple",
                 "rotation":0,
                 "type":"",
                 "visible":true,
                 "width":32,
                 "x":771,
                 "y":576.666
                }, 
                {
                 "gid":12,
                 "height":32,
                 "id":134,
                 "name":"FlowerPurple",
                 "rotation":0,
                 "type":"",
                 "visible":true,
                 "width":32,
                 "x":703.667,
                 "y":832.333
                }, 
                {
                 "gid":12,
                 "height":32,
                 "id":138,
                 "name":"FlowerPurple",
                 "rotation":0,
                 "type":"",
                 "visible":true,
                 "width":32,
                 "x":865.667,
                 "y":897
                }, 
                {
                 "gid":12,
                 "height":32,
                 "id":139,
                 "name":"FlowerPurple",
                 "rotation":0,
                 "type":"",
                 "visible":true,
                 "width":32,
                 "x":991.667,
                 "y":959.666
                }, 
                {
                 "gid":12,
                 "height":32,
                 "id":140,
                 "name":"FlowerPurple",
                 "rotation":0,
                 "type":"",
                 "visible":true,
                 "width":32,
                 "x":1058,
                 "y":865
                }, 
                {
                 "gid":12,
                 "height":32,
                 "id":141,
                 "name":"FlowerPurple",
                 "rotation":0,
                 "type":"",
                 "visible":true,
                 "width":32,
                 "x":1217.67,
                 "y":864.333
                }, 
                {
                 "gid":12,
                 "height":32,
                 "id":143,
                 "name":"FlowerPurple",
                 "rotation":0,
                 "type":"",
                 "visible":true,
                 "width":32,
                 "x":1377.67,
                 "y":895
                }, 
                {
                 "gid":12,
                 "height":32,
                 "id":145,
                 "name":"FlowerPurple",
                 "rotation":0,
                 "type":"",
                 "visible":true,
                 "width":32,
                 "x":1509.33,
                 "y":864
                }, 
                {
                 "gid":12,
                 "height":32,
                 "id":146,
                 "name":"FlowerPurple",
                 "rotation":0,
                 "type":"",
                 "visible":true,
                 "width":32,
                 "x":1440.67,
                 "y":768.666
                }, 
                {
                 "gid":12,
                 "height":32,
                 "id":147,
                 "name":"FlowerPurple",
                 "rotation":0,
                 "type":"",
                 "visible":true,
                 "width":32,
                 "x":1636,
                 "y":736.666
                }, 
                {
                 "gid":12,
                 "height":32,
                 "id":148,
                 "name":"FlowerPurple",
                 "rotation":0,
                 "type":"",
                 "visible":true,
                 "width":32,
                 "x":1569.33,
                 "y":639.333
                }, 
                {
                 "gid":12,
                 "height":32,
                 "id":149,
                 "name":"FlowerPurple",
                 "rotation":0,
                 "type":"",
                 "visible":true,
                 "width":32,
                 "x":1313.33,
                 "y":512
                }, 
                {
                 "gid":12,
                 "height":32,
                 "id":150,
                 "name":"FlowerPurple",
                 "rotation":0,
                 "type":"",
                 "visible":true,
                 "width":32,
                 "x":1408.67,
                 "y":448
                }, 
                {
                 "gid":12,
                 "height":32,
                 "id":144,
                 "name":"FlowerPurple",
                 "rotation":0,
                 "type":"",
                 "visible":true,
                 "width":32,
                 "x":1378.33,
                 "y":703.333
                }, 
                {
                 "gid":12,
                 "height":32,
                 "id":142,
                 "name":"FlowerPurple",
                 "rotation":0,
                 "type":"",
                 "visible":true,
                 "width":32,
                 "x":1152.667,
                 "y":991
                }, 
                {
                 "gid":12,
                 "height":32,
                 "id":135,
                 "name":"FlowerPurple",
                 "rotation":0,
                 "type":"",
                 "visible":true,
                 "width":32,
                 "x":514.333,
                 "y":928.666
                },
            
                {
                 "gid":12,
                 "height":32,
                 "id":136,
                 "name":"FlowerPurple",
                 "rotation":0,
                 "type":"",
                 "visible":true,
                 "width":32,
                 "x":576,
                 "y":1120
                }, 
                {
                 "gid":12,
                 "height":32,
                 "id":137,
                 "name":"FlowerPurple",
                 "rotation":0,
                 "type":"",
                 "visible":true,
                 "width":32,
                 "x":386,
                 "y":1152
                }, 
                {
                 "gid":12,
                 "height":32,
                 "id":130,
                 "name":"FlowerPurple",
                 "rotation":0,
                 "type":"",
                 "visible":true,
                 "width":32,
                 "x":482,
                 "y":384.333
                }, 
                {
                 "gid":11,
                 "height":32,
                 "id":60,
                 "name":"Sunflower",
                 "rotation":0,
                 "type":"",
                 "visible":true,
                 "width":32,
                 "x":609.334,
                 "y":415.667
                }, 
                {
                 "gid":11,
                 "height":32,
                 "id":226,
                 "name":"Sunflower",
                 "rotation":0,
                 "type":"",
                 "visible":true,
                 "width":32,
                 "x":802.334,
                 "y":800.333
                }, 
                {
                 "gid":11,
                 "height":32,
                 "id":227,
                 "name":"Sunflower",
                 "rotation":0,
                 "type":"",
                 "visible":true,
                 "width":32,
                 "x":577.667,
                 "y":928.333
                }, 
                {
                 "gid":11,
                 "height":32,
                 "id":228,
                 "name":"Sunflower",
                 "rotation":0,
                 "type":"",
                 "visible":true,
                 "width":32,
                 "x":993,
                 "y":865
                }, 
                {
                 "gid":11,
                 "height":32,
                 "id":229,
                 "name":"Sunflower",
                 "rotation":0,
                 "type":"",
                 "visible":true,
                 "width":32,
                 "x":1537.67,
                 "y":575.333
                }, 
                {
                 "gid":11,
                 "height":32,
                 "id":230,
                 "name":"Sunflower",
                 "rotation":0,
                 "type":"",
                 "visible":true,
                 "width":32,
                 "x":1408.33,
                 "y":800.333
                }, 
                {
                 "gid":4,
                 "height":32,
                 "id":70,
                 "name":"Flower",
                 "rotation":0,
                 "type":"",
                 "visible":true,
                 "width":32,
                 "x":574.667,
                 "y":387.333
                }, 
                {
                 "gid":4,
                 "height":32,
                 "id":152,
                 "name":"Flower",
                 "rotation":0,
                 "type":"",
                 "visible":true,
                 "width":32,
                 "x":666,
                 "y":451.666
                }, 
                {
                 "gid":4,
                 "height":32,
                 "id":153,
                 "name":"Flower",
                 "rotation":0,
                 "type":"",
                 "visible":true,
                 "width":32,
                 "x":732.667,
                 "y":612
                }, 
                {
                 "gid":4,
                 "height":32,
                 "id":154,
                 "name":"Flower",
                 "rotation":0,
                 "type":"",
                 "visible":true,
                 "width":32,
                 "x":796,
                 "y":708.666
                }, 
                {
                 "gid":4,
                 "height":32,
                 "id":155,
                 "name":"Flower",
                 "rotation":0,
                 "type":"",
                 "visible":true,
                 "width":32,
                 "x":702.667,
                 "y":802
                }, 
                {
                 "gid":4,
                 "height":32,
                 "id":157,
                 "name":"Flower",
                 "rotation":0,
                 "type":"",
                 "visible":true,
                 "width":32,
                 "x":606.667,
                 "y":898.333
                }, 
                {
                 "gid":4,
                 "height":32,
                 "id":158,
                 "name":"Flower",
                 "rotation":0,
                 "type":"",
                 "visible":true,
                 "width":32,
                 "x":475.334,
                 "y":963
                }, 
                {
                 "gid":4,
                 "height":32,
                 "id":159,
                 "name":"Flower",
                 "rotation":0,
                 "type":"",
                 "visible":true,
                 "width":32,
                 "x":732.334,
                 "y":1028.333
                }, 
                {
                 "gid":4,
                 "height":32,
                 "id":160,
                 "name":"Flower",
                 "rotation":0,
                 "type":"",
                 "visible":true,
                 "width":32,
                 "x":573.667,
                 "y":1088
                }, 
                {
                 "gid":4,
                 "height":32,
                 "id":161,
                 "name":"Flower",
                 "rotation":0,
                 "type":"",
                 "visible":true,
                 "width":32,
                 "x":445.334,
                 "y":1059.666
                }, 
                {
                 "gid":4,
                 "height":32,
                 "id":162,
                 "name":"Flower",
                 "rotation":0,
                 "type":"",
                 "visible":true,
                 "width":32,
                 "x":413.667,
                 "y":1089.666
                }, 
                {
                 "gid":4,
                 "height":32,
                 "id":163,
                 "name":"Flower",
                 "rotation":0,
                 "type":"",
                 "visible":true,
                 "width":32,
                 "x":545.667,
                 "y":1218
                }, 
                {
                 "gid":4,
                 "height":32,
                 "id":156,
                 "name":"Flower",
                 "rotation":0,
                 "type":"",
                 "visible":true,
                 "width":32,
                 "x":832.334,
                 "y":834
                }, 
                {
                 "gid":4,
                 "height":32,
                 "id":164,
                 "name":"Flower",
                 "rotation":0,
                 "type":"",
                 "visible":true,
                 "width":32,
                 "x":956.334,
                 "y":867
                }, 
                {
                 "gid":4,
                 "height":32,
                 "id":165,
                 "name":"Flower",
                 "rotation":0,
                 "type":"",
                 "visible":true,
                 "width":32,
                 "x":1181.33,
                 "y":832.333
                }, 
                {
                 "gid":4,
                 "height":32,
                 "id":166,
                 "name":"Flower",
                 "rotation":0,
                 "type":"",
                 "visible":true,
                 "width":32,
                 "x":956.334,
                 "y":994.333
                }, 
                {
                 "gid":4,
                 "height":32,
                 "id":167,
                 "name":"Flower",
                 "rotation":0,
                 "type":"",
                 "visible":true,
                 "width":32,
                 "x":956.334,
                 "y":994.333
                }, 
                {
                 "gid":4,
                 "height":32,
                 "id":168,
                 "name":"Flower",
                 "rotation":0,
                 "type":"",
                 "visible":true,
                 "width":32,
                 "x":1179.33,
                 "y":1059.333
                }, 
                {
                 "gid":4,
                 "height":32,
                 "id":169,
                 "name":"Flower",
                 "rotation":0,
                 "type":"",
                 "visible":true,
                 "width":32,
                 "x":1309.67,
                 "y":962
                }, 
                {
                 "gid":4,
                 "height":32,
                 "id":170,
                 "name":"Flower",
                 "rotation":0,
                 "type":"",
                 "visible":true,
                 "width":32,
                 "x":1372.67,
                 "y":835
                }, 
                {
                 "gid":4,
                 "height":32,
                 "id":172,
                 "name":"Flower",
                 "rotation":0,
                 "type":"",
                 "visible":true,
                 "width":32,
                 "x":1434.33,
                 "y":675.333
                }, 
                {
                 "gid":4,
                 "height":32,
                 "id":173,
                 "name":"Flower",
                 "rotation":0,
                 "type":"",
                 "visible":true,
                 "width":32,
                 "x":1339,
                 "y":578.666
                }, 
                {
                 "gid":4,
                 "height":32,
                 "id":174,
                 "name":"Flower",
                 "rotation":0,
                 "type":"",
                 "visible":true,
                 "width":32,
                 "x":1466.33,
                 "y":484
                }, 
                {
                 "gid":4,
                 "height":32,
                 "id":175,
                 "name":"Flower",
                 "rotation":0,
                 "type":"",
                 "visible":true,
                 "width":32,
                 "x":1402.33,
                 "y":386.666
                }, 
                {
                 "gid":4,
                 "height":32,
                 "id":171,
                 "name":"Flower",
                 "rotation":0,
                 "type":"",
                 "visible":true,
                 "width":32,
                 "x":1467.33,
                 "y":931.333
                }, 
                {
                 "gid":4,
                 "height":32,
                 "id":151,
                 "name":"Flower",
                 "rotation":0,
                 "type":"",
                 "visible":true,
                 "width":32,
                 "x":382,
                 "y":484.333
                }],
         "opacity":1,
         "type":"objectgroup",
         "visible":true,
         "x":0,
         "y":0
        }, 
        {
         "draworder":"topdown",
         "id":5,
         "name":"Doors",
         "objects":[
                {
                 "gid":7,
                 "height":32,
                 "id":2,
                 "name":"Cave",
                 "properties":[
                        {
                         "name":"goToWorld",
                         "type":"string",
                         "value":"level-05"
                        }],
                 "rotation":0,
                 "type":"",
                 "visible":true,
                 "width":32,
                 "x":1343.36,
                 "y":351.667
                }],
         "opacity":1,
         "type":"objectgroup",
         "visible":true,
         "x":0,
         "y":0
        }],
 "nextlayerid":6,
 "nextobjectid":233,
 "orientation":"orthogonal",
 "renderorder":"right-down",
 "tiledversion":"1.11.2",
 "tileheight":32,
 "tilesets":[
        {
         "columns":4,
         "firstgid":1,
         "image":"..\/tileset.png",
         "imageheight":102,
         "imagewidth":136,
         "margin":1,
         "name":"tileset",
         "spacing":2,
         "tilecount":12,
         "tileheight":32,
         "tiles":[
                {
                 "id":1,
                 "properties":[
                        {
                         "name":"collides",
                         "type":"bool",
                         "value":true
                        }]
                }, 
                {
                 "id":4,
                 "properties":[
                        {
                         "name":"collides",
                         "type":"bool",
                         "value":true
                        }]
                }, 
                {
                 "id":5,
                 "properties":[
                        {
                         "name":"collides",
                         "type":"bool",
                         "value":true
                        }]
                }, 
                {
                 "id":7,
                 "properties":[
                        {
                         "name":"collides",
                         "type":"bool",
                         "value":true
                        }]
                }, 
                {
                 "id":9,
                 "properties":[
                        {
                         "name":"collides",
                         "type":"bool",
                         "value":true
                        }]
                }],
         "tilewidth":32
        }],
 "tilewidth":32,
 "type":"map",
 "version":"1.10",
 "width":70
}