{ "compressionlevel":-1,
 "height":50,
 "infinite":false,
 "layers":[
        {
         "data":[1, 1, 1, 1, 1, 1, 1, 1, 1, 1, 1, 1, 1, 1, 1, 1, 1, 1, 1, 1, 1, 1, 1, 1, 1, 1, 1, 1, 1, 1, 1, 1, 1, 1, 1, 1, 1, 1, 1, 1, 1, 1, 1, 1, 1, 1, 1, 1, 1, 1, 1, 1, 1, 1, 1, 1, 1, 1, 1, 1, 1, 1, 1, 1, 1, 1, 1, 1, 1, 1,
            1, 1, 1, 1, 1, 1, 1, 1, 1, 1, 1, 1, 1, 1, 1, 1, 1, 1, 1, 1, 1, 1, 1, 1, 1, 1, 1, 1, 1, 1, 1, 1, 1, 1, 1, 1, 1, 1, 1, 1, 1, 1, 1, 1, 1, 1, 1, 1, 1, 1, 1, 1, 1, 1, 1, 1, 1, 1, 1, 1, 1, 1, 1, 1, 1, 1, 1, 1, 1, 1,
            1, 1, 1, 1, 1, 1, 1, 1, 1, 1, 1, 1, 1, 1, 1, 1, 1, 1, 1, 1, 1, 1, 1, 1, 1, 1, 1, 1, 1, 1, 1, 1, 1, 1, 1, 1, 1, 1, 1, 1, 1, 1, 1, 1, 1, 1, 1, 1, 1, 1, 1, 1, 1, 1, 1, 1, 1, 1, 1, 1, 1, 1, 1, 1, 1, 1, 1, 1, 1, 1,
            1, 1, 1, 1, 1, 1, 1, 1, 1, 1, 1, 1, 1, 1, 1, 1, 1, 1, 1, 1, 1, 1, 1, 1, 1, 1, 1, 1, 1, 1, 1, 1, 1, 1, 1, 1, 1, 1, 1, 1, 1, 1, 1, 1, 1, 1, 1, 1, 1, 1, 1, 1, 1, 1, 1, 1, 1, 1, 1, 1, 1, 1, 1, 1, 1, 1, 1, 1, 1, 1,
            1, 1, 1, 1, 1, 1, 1, 1, 1, 1, 1, 1, 1, 1, 1, 1, 1, 1, 1, 1, 1, 1, 1, 1, 1, 1, 1, 1, 1, 1, 1, 1, 1, 1, 1, 1, 1, 1, 1, 1, 1, 1, 1, 1, 1, 1, 1, 1, 1, 1, 1, 1, 1, 1, 1, 1, 1, 1, 1, 1, 1, 1, 1, 1, 1, 1, 1, 1, 1, 1,
            1, 1, 1, 1, 1, 1, 1, 1, 1, 1, 1, 1, 1, 1, 1, 1, 1, 1, 1, 1, 1, 1, 1, 1, 1, 1, 1, 1, 1, 1, 1, 1, 1, 1, 1, 1, 1, 1, 1, 1, 1, 1, 1, 1, 1, 1, 1, 1, 1, 1, 1, 1, 1, 1, 1, 1, 1, 1, 1, 1, 1, 1, 1, 1, 1, 1, 1, 1, 1, 1,
            1, 1, 1, 1, 1, 1, 1, 1, 1, 1, 1, 1, 1, 1, 1, 1, 1, 1, 1, 1, 1, 1, 1, 1, 1, 1, 1, 1, 1, 1, 1, 1, 1, 1, 1, 1, 1, 1, 1, 1, 1, 1, 1, 1, 1, 1, 1, 1, 1, 1, 1, 1, 1, 1, 1, 1, 1, 1, 1, 1, 1, 1, 1, 1, 1, 1, 1, 1, 1, 1,
            1, 1, 1, 1, 1, 1, 1, 1, 1, 1, 1, 1, 1, 1, 1, 1, 1, 1, 1, 1, 1, 1, 1, 1, 1, 1, 1, 1, 1, 1, 1, 1, 1, 1, 1, 1, 1, 1, 1, 1, 1, 1, 1, 1, 1, 1, 1, 1, 1, 1, 1, 1, 1, 1, 1, 1, 1, 1, 1, 1, 1, 1, 1, 1, 1, 1, 1, 1, 1, 1,
            1, 1, 1, 1, 1, 1, 1, 1, 1, 1, 1, 1, 1, 1, 1, 1, 1, 1, 1, 1, 1, 1, 1, 1, 1, 1, 1, 1, 1, 1, 1, 1, 1, 1, 1, 1, 1, 1, 1, 1, 1, 1, 1, 1, 1, 1, 1, 1, 1, 1, 1, 1, 1, 1, 1, 1, 1, 1, 1, 1, 1, 1, 1, 1, 1, 1, 1, 1, 1, 1,
            1, 1, 1, 1, 1, 1, 1, 1, 1, 1, 1, 1, 1, 1, 1, 1, 1, 1, 1, 1, 1, 1, 1, 1, 1, 1, 1, 1, 1, 1, 1, 1, 1, 1, 1, 1, 1, 1, 1, 1, 1, 1, 1, 1, 1, 1, 1, 1, 1, 1, 1, 1, 1, 1, 1, 1, 1, 1, 1, 1, 1, 1, 1, 1, 1, 1, 1, 1, 1, 1,
            1, 1, 1, 1, 1, 1, 1, 1, 1, 1, 1, 1, 1, 1, 1, 1, 1, 1, 1, 1, 1, 1, 1, 1, 1, 1, 1, 1, 1, 1, 1, 1, 1, 1, 1, 1, 1, 1, 1, 1, 1, 1, 1, 1, 1, 1, 1, 1, 1, 1, 1, 1, 1, 1, 1, 1, 1, 1, 1, 1, 1, 1, 1, 1, 1, 1, 1, 1, 1, 1,
            1, 1, 1, 1, 1, 1, 1, 1, 1, 1, 1, 1, 1, 1, 1, 1, 1, 1, 1, 1, 1, 1, 1, 1, 1, 1, 1, 1, 1, 1, 1, 1, 1, 1, 1, 1, 1, 1, 1, 1, 1, 1, 1, 1, 1, 1, 1, 1, 1, 1, 1, 1, 1, 1, 1, 1, 1, 1, 1, 1, 1, 1, 1, 1, 1, 1, 1, 1, 1, 1,
            1, 1, 1, 1, 1, 1, 1, 1, 1, 1, 1, 1, 1, 1, 1, 1, 1, 1, 1, 1, 1, 1, 1, 1, 1, 1, 1, 1, 1, 1, 1, 1, 1, 1, 1, 1, 1, 1, 1, 1, 1, 1, 1, 1, 1, 1, 1, 1, 1, 1, 1, 1, 1, 1, 1, 1, 1, 1, 1, 1, 1, 1, 1, 1, 1, 1, 1, 1, 1, 1,
            1, 1, 1, 1, 1, 1, 1, 1, 1, 1, 1, 1, 1, 1, 1, 1, 1, 1, 1, 1, 1, 1, 1, 1, 1, 1, 1, 1, 1, 1, 1, 1, 1, 1, 1, 1, 1, 1, 1, 1, 1, 1, 1, 1, 1, 1, 1, 1, 1, 1, 1, 1, 1, 1, 1, 1, 1, 1, 1, 1, 1, 1, 1, 1, 1, 1, 1, 1, 1, 1,
            1, 1, 1, 1, 1, 1, 1, 1, 1, 1, 1, 1, 1, 1, 1, 1, 1, 1, 1, 1, 1, 1, 1, 1, 1, 1, 1, 1, 1, 1, 1, 1, 1, 1, 1, 1, 1, 1, 1, 1, 1, 1, 1, 1, 1, 1, 1, 1, 1, 1, 1, 1, 1, 1, 1, 1, 1, 1, 1, 1, 1, 1, 1, 1, 1, 1, 1, 1, 1, 1,
            1, 1, 1, 1, 1, 1, 1, 1, 1, 1, 1, 1, 1, 1, 1, 1, 1, 1, 1, 1, 1, 1, 1, 1, 1, 1, 1, 1, 1, 1, 1, 1, 1, 1, 1, 1, 1, 1, 1, 1, 1, 1, 1, 1, 1, 1, 1, 1, 1, 1, 1, 1, 1, 1, 1, 1, 1, 1, 1, 1, 1, 1, 1, 1, 1, 1, 1, 1, 1, 1,
            1, 1, 1, 1, 1, 1, 1, 1, 1, 1, 1, 1, 1, 1, 1, 1, 1, 1, 1, 1, 1, 1, 1, 1, 1, 1, 1, 1, 1, 1, 1, 1, 1, 1, 1, 1, 1, 1, 1, 1, 1, 1, 1, 1, 1, 1, 1, 1, 1, 1, 1, 1, 1, 1, 1, 1, 1, 1, 1, 1, 1, 1, 1, 1, 1, 1, 1, 1, 1, 1,
            1, 1, 1, 1, 1, 1, 1, 1, 1, 1, 1, 1, 1, 1, 1, 1, 1, 1, 1, 1, 1, 1, 1, 1, 1, 1, 1, 1, 1, 1, 1, 1, 1, 1, 1, 1, 1, 1, 1, 1, 1, 1, 1, 1, 1, 1, 1, 1, 1, 1, 1, 1, 1, 1, 1, 1, 1, 1, 1, 1, 1, 1, 1, 1, 1, 1, 1, 1, 1, 1,
            1, 1, 1, 1, 1, 1, 1, 1, 1, 1, 1, 1, 1, 1, 1, 1, 1, 1, 1, 1, 1, 1, 1, 1, 1, 1, 1, 1, 1, 1, 1, 1, 1, 1, 1, 1, 1, 1, 1, 1, 1, 1, 1, 1, 1, 1, 1, 1, 1, 1, 1, 1, 1, 1, 1, 1, 1, 1, 1, 1, 1, 1, 1, 1, 1, 1, 1, 1, 1, 1,
            1, 1, 1, 1, 1, 1, 1, 1, 1, 1, 1, 1, 1, 1, 1, 1, 1, 1, 1, 1, 1, 1, 1, 1, 1, 1, 1, 1, 1, 1, 1, 1, 1, 1, 1, 1, 1, 1, 1, 1, 1, 1, 1, 1, 1, 1, 1, 1, 1, 1, 1, 1, 1, 1, 1, 1, 1, 1, 1, 1, 1, 1, 1, 1, 1, 1, 1, 1, 1, 1,
            1, 1, 1, 1, 1, 1, 1, 1, 1, 1, 1, 1, 1, 1, 1, 1, 1, 1, 1, 1, 1, 1, 1, 1, 1, 1, 1, 1, 1, 1, 1, 1, 1, 1, 1, 1, 1, 1, 1, 1, 1, 1, 1, 1, 1, 1, 1, 1, 1, 1, 1, 1, 1, 1, 1, 1, 1, 1, 1, 1, 1, 1, 1, 1, 1, 1, 1, 1, 1, 1,
            1, 1, 1, 1, 1, 1, 1, 1, 1, 1, 1, 1, 1, 1, 1, 1, 1, 1, 1, 1, 1, 1, 1, 1, 1, 1, 1, 1, 1, 1, 1, 1, 1, 1, 1, 1, 1, 1, 1, 1, 1, 1, 1, 1, 1, 1, 1, 1, 1, 1, 1, 1, 1, 1, 1, 1, 1, 1, 1, 1, 1, 1, 1, 1, 1, 1, 1, 1, 1, 1,
            1, 1, 1, 1, 1, 1, 1, 1, 1, 1, 1, 1, 1, 1, 1, 1, 1, 1, 1, 1, 1, 1, 1, 1, 1, 1, 1, 1, 1, 1, 1, 1, 1, 1, 1, 1, 1, 1, 1, 1, 1, 1, 1, 1, 1, 1, 1, 1, 1, 1, 1, 1, 1, 1, 1, 1, 1, 1, 1, 1, 1, 1, 1, 1, 1, 1, 1, 1, 1, 1,
            1, 1, 1, 1, 1, 1, 1, 1, 1, 1, 1, 1, 1, 1, 1, 1, 1, 1, 1, 1, 1, 1, 1, 1, 1, 1, 1, 1, 1, 1, 1, 1, 1, 1, 1, 1, 1, 1, 1, 1, 1, 1, 1, 1, 1, 1, 1, 1, 1, 1, 1, 1, 1, 1, 1, 1, 1, 1, 1, 1, 1, 1, 1, 1, 1, 1, 1, 1, 1, 1,
            1, 1, 1, 1, 1, 1, 1, 1, 1, 1, 1, 1, 1, 1, 1, 1, 1, 1, 1, 1, 1, 1, 1, 1, 1, 1, 1, 1, 1, 1, 1, 1, 1, 1, 1, 1, 1, 1, 1, 1, 1, 1, 1, 1, 1, 1, 1, 1, 1, 1, 1, 1, 1, 1, 1, 1, 1, 1, 1, 1, 1, 1, 1, 1, 1, 1, 1, 1, 1, 1,
            1, 1, 1, 1, 1, 1, 1, 1, 1, 1, 1, 1, 1, 1, 1, 1, 1, 1, 1, 1, 1, 1, 1, 1, 1, 1, 1, 1, 1, 1, 1, 1, 1, 1, 1, 1, 1, 1, 1, 1, 1, 1, 1, 1, 1, 1, 1, 1, 1, 1, 1, 1, 1, 1, 1, 1, 1, 1, 1, 1, 1, 1, 1, 1, 1, 1, 1, 1, 1, 1,
            1, 1, 1, 1, 1, 1, 1, 1, 1, 1, 1, 1, 1, 1, 1, 1, 1, 1, 1, 1, 1, 1, 1, 1, 1, 1, 1, 1, 1, 1, 1, 1, 1, 1, 1, 1, 1, 1, 1, 1, 1, 1, 1, 1, 1, 1, 1, 1, 1, 1, 1, 1, 1, 1, 1, 1, 1, 1, 1, 1, 1, 1, 1, 1, 1, 1, 1, 1, 1, 1,
            1, 1, 1, 1, 1, 1, 1, 1, 1, 1, 1, 1, 1, 1, 1, 1, 1, 1, 1, 1, 1, 1, 1, 1, 1, 1, 1, 1, 1, 1, 1, 1, 1, 1, 1, 1, 1, 1, 1, 1, 1, 1, 1, 1, 1, 1, 1, 1, 1, 1, 1, 1, 1, 1, 1, 1, 1, 1, 1, 1, 1, 1, 1, 1, 1, 1, 1, 1, 1, 1,
            1, 1, 1, 1, 1, 1, 1, 1, 1, 1, 1, 1, 1, 1, 1, 1, 1, 1, 1, 1, 1, 1, 1, 1, 1, 1, 1, 1, 1, 1, 1, 1, 1, 1, 1, 1, 1, 1, 1, 1, 1, 1, 1, 1, 1, 1, 1, 1, 1, 1, 1, 1, 1, 1, 1, 1, 1, 1, 1, 1, 1, 1, 1, 1, 1, 1, 1, 1, 1, 1,
            1, 1, 1, 1, 1, 1, 1, 1, 1, 1, 1, 1, 1, 1, 1, 1, 1, 1, 1, 1, 1, 1, 1, 1, 1, 1, 1, 1, 1, 1, 1, 1, 1, 1, 1, 1, 1, 1, 1, 1, 1, 1, 1, 1, 1, 1, 1, 1, 1, 1, 1, 1, 1, 1, 1, 1, 1, 1, 1, 1, 1, 1, 1, 1, 1, 1, 1, 1, 1, 1,
            1, 1, 1, 1, 1, 1, 1, 1, 1, 1, 1, 1, 1, 1, 1, 1, 1, 1, 1, 1, 1, 1, 1, 1, 1, 1, 1, 1, 1, 1, 1, 1, 1, 1, 1, 1, 1, 1, 1, 1, 1, 1, 1, 1, 1, 1, 1, 1, 1, 1, 1, 1, 1, 1, 1, 1, 1, 1, 1, 1, 1, 1, 1, 1, 1, 1, 1, 1, 1, 1,
            1, 1, 1, 1, 1, 1, 1, 1, 1, 1, 1, 1, 1, 1, 1, 1, 1, 1, 1, 1, 1, 1, 1, 1, 1, 1, 1, 1, 1, 1, 1, 1, 1, 1, 1, 1, 1, 1, 1, 1, 1, 1, 1, 1, 1, 1, 1, 1, 1, 1, 1, 1, 1, 1, 1, 1, 1, 1, 1, 1, 1, 1, 1, 1, 1, 1, 1, 1, 1, 1,
            1, 1, 1, 1, 1, 1, 1, 1, 1, 1, 1, 1, 1, 1, 1, 1, 1, 1, 1, 1, 1, 1, 1, 1, 1, 1, 1, 1, 1, 1, 1, 1, 1, 1, 1, 1, 1, 1, 1, 1, 1, 1, 1, 1, 1, 1, 1, 1, 1, 1, 1, 1, 1, 1, 1, 1, 1, 1, 1, 1, 1, 1, 1, 1, 1, 1, 1, 1, 1, 1,
            1, 1, 1, 1, 1, 1, 1, 1, 1, 1, 1, 1, 1, 1, 1, 1, 1, 1, 1, 1, 1, 1, 1, 1, 1, 1, 1, 1, 1, 1, 1, 1, 1, 1, 1, 1, 1, 1, 1, 1, 1, 1, 1, 1, 1, 1, 1, 1, 1, 1, 1, 1, 1, 1, 1, 1, 1, 1, 1, 1, 1, 1, 1, 1, 1, 1, 1, 1, 1, 1,
            1, 1, 1, 1, 1, 1, 1, 1, 1, 1, 1, 1, 1, 1, 1, 1, 1, 1, 1, 1, 1, 1, 1, 1, 1, 1, 1, 1, 1, 1, 1, 1, 1, 1, 1, 1, 1, 1, 1, 1, 1, 1, 1, 1, 1, 1, 1, 1, 1, 1, 1, 1, 1, 1, 1, 1, 1, 1, 1, 1, 1, 1, 1, 1, 1, 1, 1, 1, 1, 1,
            1, 1, 1, 1, 1, 1, 1, 1, 1, 1, 1, 1, 1, 1, 1, 1, 1, 1, 1, 1, 1, 1, 1, 1, 1, 1, 1, 1, 1, 1, 1, 1, 1, 1, 1, 1, 1, 1, 1, 1, 1, 1, 1, 1, 1, 1, 1, 1, 1, 1, 1, 1, 1, 1, 1, 1, 1, 1, 1, 1, 1, 1, 1, 1, 1, 1, 1, 1, 1, 1,
            1, 1, 1, 1, 1, 1, 1, 1, 1, 1, 1, 1, 1, 1, 1, 1, 1, 1, 1, 1, 1, 1, 1, 1, 1, 1, 1, 1, 1, 1, 1, 1, 1, 1, 1, 1, 1, 1, 1, 1, 1, 1, 1, 1, 1, 1, 1, 1, 1, 1, 1, 1, 1, 1, 1, 1, 1, 1, 1, 1, 1, 1, 1, 1, 1, 1, 1, 1, 1, 1,
            1, 1, 1, 1, 1, 1, 1, 1, 1, 1, 1, 1, 1, 1, 1, 1, 1, 1, 1, 1, 1, 1, 1, 1, 1, 1, 1, 1, 1, 1, 1, 1, 1, 1, 1, 1, 1, 1, 1, 1, 1, 1, 1, 1, 1, 1, 1, 1, 1, 1, 1, 1, 1, 1, 1, 1, 1, 1, 1, 1, 1, 1, 1, 1, 1, 1, 1, 1, 1, 1,
            1, 1, 1, 1, 1, 1, 1, 1, 1, 1, 1, 1, 1, 1, 1, 1, 1, 1, 1, 1, 1, 1, 1, 1, 1, 1, 1, 1, 1, 1, 1, 1, 1, 1, 1, 1, 1, 1, 1, 1, 1, 1, 1, 1, 1, 1, 1, 1, 1, 1, 1, 1, 1, 1, 1, 1, 1, 1, 1, 1, 1, 1, 1, 1, 1, 1, 1, 1, 1, 1,
            1, 1, 1, 1, 1, 1, 1, 1, 1, 1, 1, 1, 1, 1, 1, 1, 1, 1, 1, 1, 1, 1, 1, 1, 1, 1, 1, 1, 1, 1, 1, 1, 1, 1, 1, 1, 1, 1, 1, 1, 1, 1, 1, 1, 1, 1, 1, 1, 1, 1, 1, 1, 1, 1, 1, 1, 1, 1, 1, 1, 1, 1, 1, 1, 1, 1, 1, 1, 1, 1,
            1, 1, 1, 1, 1, 1, 1, 1, 1, 1, 1, 1, 1, 1, 1, 1, 1, 1, 1, 1, 1, 1, 1, 1, 1, 1, 1, 1, 1, 1, 1, 1, 1, 1, 1, 1, 1, 1, 1, 1, 1, 1, 1, 1, 1, 1, 1, 1, 1, 1, 1, 1, 1, 1, 1, 1, 1, 1, 1, 1, 1, 1, 1, 1, 1, 1, 1, 1, 1, 1,
            1, 1, 1, 1, 1, 1, 1, 1, 1, 1, 1, 1, 1, 1, 1, 1, 1, 1, 1, 1, 1, 1, 1, 1, 1, 1, 1, 1, 1, 1, 1, 1, 1, 1, 1, 1, 1, 1, 1, 1, 1, 1, 1, 1, 1, 1, 1, 1, 1, 1, 1, 1, 1, 1, 1, 1, 1, 1, 1, 1, 1, 1, 1, 1, 1, 1, 1, 1, 1, 1,
            1, 1, 1, 1, 1, 1, 1, 1, 1, 1, 1, 1, 1, 1, 1, 1, 1, 1, 1, 1, 1, 1, 1, 1, 1, 1, 1, 1, 1, 1, 1, 1, 1, 1, 1, 1, 1, 1, 1, 1, 1, 1, 1, 1, 1, 1, 1, 1, 1, 1, 1, 1, 1, 1, 1, 1, 1, 1, 1, 1, 1, 1, 1, 1, 1, 1, 1, 1, 1, 1,
            1, 1, 1, 1, 1, 1, 1, 1, 1, 1, 1, 1, 1, 1, 1, 1, 1, 1, 1, 1, 1, 1, 1, 1, 1, 1, 1, 1, 1, 1, 1, 1, 1, 1, 1, 1, 1, 1, 1, 1, 1, 1, 1, 1, 1, 1, 1, 1, 1, 1, 1, 1, 1, 1, 1, 1, 1, 1, 1, 1, 1, 1, 1, 1, 1, 1, 1, 1, 1, 1,
            1, 1, 1, 1, 1, 1, 1, 1, 1, 1, 1, 1, 1, 1, 1, 1, 1, 1, 1, 1, 1, 1, 1, 1, 1, 1, 1, 1, 1, 1, 1, 1, 1, 1, 1, 1, 1, 1, 1, 1, 1, 1, 1, 1, 1, 1, 1, 1, 1, 1, 1, 1, 1, 1, 1, 1, 1, 1, 1, 1, 1, 1, 1, 1, 1, 1, 1, 1, 1, 1,
            1, 1, 1, 1, 1, 1, 1, 1, 1, 1, 1, 1, 1, 1, 1, 1, 1, 1, 1, 1, 1, 1, 1, 1, 1, 1, 1, 1, 1, 1, 1, 1, 1, 1, 1, 1, 1, 1, 1, 1, 1, 1, 1, 1, 1, 1, 1, 1, 1, 1, 1, 1, 1, 1, 1, 1, 1, 1, 1, 1, 1, 1, 1, 1, 1, 1, 1, 1, 1, 1,
            1, 1, 1, 1, 1, 1, 1, 1, 1, 1, 1, 1, 1, 1, 1, 1, 1, 1, 1, 1, 1, 1, 1, 1, 1, 1, 1, 1, 1, 1, 1, 1, 1, 1, 1, 1, 1, 1, 1, 1, 1, 1, 1, 1, 1, 1, 1, 1, 1, 1, 1, 1, 1, 1, 1, 1, 1, 1, 1, 1, 1, 1, 1, 1, 1, 1, 1, 1, 1, 1,
            1, 1, 1, 1, 1, 1, 1, 1, 1, 1, 1, 1, 1, 1, 1, 1, 1, 1, 1, 1, 1, 1, 1, 1, 1, 1, 1, 1, 1, 1, 1, 1, 1, 1, 1, 1, 1, 1, 1, 1, 1, 1, 1, 1, 1, 1, 1, 1, 1, 1, 1, 1, 1, 1, 1, 1, 1, 1, 1, 1, 1, 1, 1, 1, 1, 1, 1, 1, 1, 1,
            1, 1, 1, 1, 1, 1, 1, 1, 1, 1, 1, 1, 1, 1, 1, 1, 1, 1, 1, 1, 1, 1, 1, 1, 1, 1, 1, 1, 1, 1, 1, 1, 1, 1, 1, 1, 1, 1, 1, 1, 1, 1, 1, 1, 1, 1, 1, 1, 1, 1, 1, 1, 1, 1, 1, 1, 1, 1, 1, 1, 1, 1, 1, 1, 1, 1, 1, 1, 1, 1,
            1, 1, 1, 1, 1, 1, 1, 1, 1, 1, 1, 1, 1, 1, 1, 1, 1, 1, 1, 1, 1, 1, 1, 1, 1, 1, 1, 1, 1, 1, 1, 1, 1, 1, 1, 1, 1, 1, 1, 1, 1, 1, 1, 1, 1, 1, 1, 1, 1, 1, 1, 1, 1, 1, 1, 1, 1, 1, 1, 1, 1, 1, 1, 1, 1, 1, 1, 1, 1, 1],
         "height":50,
         "id":1,
         "name":"Background",
         "opacity":1,
         "type":"tilelayer",
         "visible":true,
         "width":70,
         "x":0,
         "y":0
        }, 
        {
         "data":[0, 0, 0, 0, 0, 0, 6, 6, 6, 6, 6, 0, 0, 0, 0, 0, 0, 0, 5, 5, 5, 5, 5, 5, 5, 5, 5, 0, 0, 5, 6, 0, 0, 0, 0, 0, 0, 5, 5, 5, 0, 5, 0, 0, 1, 5, 5, 5, 5, 5, 5, 5, 2, 2, 2, 2, 2, 0, 0, 6, 6, 6, 6, 6, 1, 1, 1, 2, 5, 0,
            1, 1, 1, 2, 6, 6, 6, 0, 0, 0, 6, 6, 0, 6, 6, 6, 0, 5, 5, 5, 5, 5, 5, 5, 5, 5, 6, 6, 0, 6, 6, 5, 0, 0, 5, 5, 5, 5, 5, 5, 5, 5, 5, 1, 5, 5, 0, 1, 2, 2, 2, 5, 5, 5, 5, 1, 2, 6, 6, 6, 0, 0, 0, 1, 1, 5, 5, 2, 5, 0,
            0, 0, 6, 6, 6, 2, 6, 1, 2, 2, 2, 6, 2, 1, 2, 6, 0, 0, 0, 0, 0, 0, 6, 6, 0, 0, 6, 6, 6, 6, 6, 6, 2, 2, 2, 2, 2, 5, 5, 1, 1, 1, 5, 5, 5, 5, 6, 2, 5, 5, 5, 6, 2, 1, 6, 5, 5, 5, 5, 0, 6, 6, 6, 5, 5, 6, 1, 2, 5, 0,
            0, 6, 6, 6, 6, 6, 6, 6, 6, 6, 6, 6, 6, 1, 2, 6, 5, 5, 5, 0, 6, 6, 6, 6, 6, 6, 6, 2, 2, 2, 1, 6, 6, 6, 1, 2, 5, 5, 6, 1, 2, 0, 6, 6, 2, 5, 6, 6, 6, 6, 5, 1, 1, 1, 2, 6, 5, 0, 5, 5, 5, 0, 6, 5, 2, 6, 1, 5, 5, 0,
            0, 6, 6, 1, 2, 2, 2, 1, 1, 5, 6, 6, 6, 2, 2, 6, 6, 6, 5, 6, 6, 6, 6, 0, 5, 2, 2, 1, 1, 1, 2, 2, 1, 6, 1, 6, 6, 6, 6, 2, 6, 6, 6, 2, 6, 6, 6, 0, 6, 6, 0, 0, 0, 6, 0, 0, 5, 0, 6, 6, 0, 5, 0, 1, 2, 2, 2, 5, 0, 0,
            0, 6, 6, 2, 2, 2, 2, 1, 2, 5, 5, 2, 6, 6, 1, 1, 6, 1, 5, 5, 5, 5, 6, 6, 6, 6, 1, 5, 5, 5, 5, 1, 1, 6, 6, 6, 6, 6, 5, 6, 6, 6, 6, 6, 6, 5, 6, 6, 6, 1, 5, 5, 5, 2, 2, 2, 5, 6, 6, 6, 6, 6, 6, 6, 6, 6, 6, 5, 6, 6,
            0, 6, 6, 2, 6, 6, 1, 2, 1, 1, 5, 6, 6, 5, 5, 6, 6, 6, 6, 6, 6, 6, 6, 2, 2, 2, 2, 2, 5, 5, 5, 5, 5, 5, 5, 5, 5, 5, 5, 5, 5, 5, 5, 0, 6, 5, 1, 2, 2, 2, 2, 6, 6, 6, 6, 6, 5, 5, 0, 0, 0, 5, 5, 5, 5, 5, 5, 5, 0, 6,
            1, 6, 6, 1, 2, 6, 6, 6, 6, 6, 5, 5, 5, 5, 5, 5, 2, 1, 1, 2, 2, 1, 2, 1, 2, 0, 0, 5, 0, 5, 0, 0, 0, 5, 5, 5, 5, 5, 6, 5, 5, 2, 1, 2, 5, 5, 2, 5, 5, 5, 0, 5, 5, 5, 6, 0, 0, 5, 5, 6, 6, 5, 6, 1, 2, 6, 5, 0, 0, 0,
            1, 6, 6, 1, 2, 6, 6, 6, 0, 0, 0, 5, 5, 1, 2, 1, 2, 5, 5, 1, 2, 0, 0, 6, 6, 6, 6, 5, 5, 0, 0, 5, 5, 5, 5, 5, 6, 6, 0, 0, 5, 5, 5, 5, 5, 0, 0, 0, 0, 0, 5, 5, 5, 0, 0, 0, 0, 0, 5, 5, 0, 5, 5, 1, 2, 6, 5, 6, 0, 0,
            2, 6, 6, 1, 1, 6, 2, 0, 0, 0, 0, 5, 0, 0, 0, 0, 0, 5, 2, 2, 2, 2, 0, 0, 0, 0, 0, 6, 6, 6, 6, 6, 6, 6, 6, 0, 0, 0, 0, 0, 0, 0, 0, 6, 5, 5, 5, 5, 5, 5, 5, 0, 0, 0, 0, 0, 0, 0, 0, 0, 0, 0, 5, 1, 6, 0, 5, 5, 0, 6,
            2, 6, 6, 2, 1, 6, 2, 6, 6, 6, 6, 8, 8, 8, 8, 8, 8, 8, 8, 8, 8, 8, 8, 8, 8, 8, 8, 8, 8, 8, 8, 8, 8, 8, 8, 8, 8, 8, 8, 8, 8, 8, 8, 8, 8, 8, 8, 8, 8, 8, 8, 8, 8, 8, 8, 8, 0, 8, 8, 8, 0, 0, 5, 6, 6, 0, 0, 5, 0, 6,
            2, 6, 6, 6, 6, 6, 2, 6, 6, 6, 6, 6, 6, 2, 0, 0, 0, 6, 2, 6, 5, 5, 5, 2, 2, 2, 2, 2, 2, 6, 6, 6, 6, 2, 2, 2, 6, 6, 6, 2, 5, 6, 6, 6, 6, 6, 6, 6, 5, 2, 5, 2, 2, 6, 10, 0, 0, 0, 6, 6, 0, 0, 5, 6, 2, 0, 0, 5, 5, 6,
            6, 6, 6, 6, 6, 2, 1, 1, 2, 0, 6, 6, 2, 2, 0, 0, 0, 6, 2, 2, 5, 2, 2, 2, 6, 6, 6, 6, 6, 0, 0, 0, 6, 6, 6, 6, 6, 0, 6, 2, 5, 6, 6, 6, 6, 5, 6, 5, 2, 2, 6, 6, 6, 6, 10, 0, 0, 0, 6, 6, 0, 0, 5, 1, 2, 6, 6, 5, 5, 6,
            6, 6, 6, 6, 2, 1, 1, 5, 2, 0, 6, 6, 2, 10, 0, 0, 0, 0, 6, 2, 5, 5, 0, 6, 6, 10, 10, 0, 0, 0, 0, 0, 0, 0, 0, 10, 0, 10, 6, 6, 5, 5, 6, 6, 6, 6, 6, 5, 2, 6, 10, 10, 10, 0, 0, 0, 10, 6, 6, 5, 0, 6, 6, 1, 2, 6, 0, 5, 5, 6,
            6, 0, 6, 6, 6, 1, 5, 5, 2, 0, 6, 6, 2, 10, 0, 0, 0, 10, 6, 2, 5, 5, 6, 6, 6, 6, 6, 6, 6, 6, 6, 6, 0, 0, 0, 10, 0, 0, 10, 6, 6, 5, 6, 6, 0, 6, 6, 5, 2, 6, 0, 0, 0, 0, 10, 0, 0, 6, 6, 5, 0, 6, 0, 1, 6, 6, 0, 5, 5, 6,
            0, 1, 6, 6, 6, 5, 5, 5, 2, 0, 6, 6, 2, 0, 0, 0, 0, 10, 0, 2, 5, 6, 5, 5, 5, 2, 2, 2, 2, 5, 5, 6, 0, 0, 10, 10, 0, 0, 0, 10, 6, 5, 5, 6, 6, 6, 5, 2, 2, 6, 0, 0, 0, 0, 0, 0, 0, 2, 6, 5, 0, 6, 0, 6, 1, 6, 0, 5, 5, 6,
            0, 1, 2, 6, 5, 5, 1, 5, 5, 0, 6, 6, 2, 0, 0, 0, 0, 10, 6, 6, 6, 6, 0, 6, 6, 6, 5, 5, 5, 5, 2, 6, 0, 0, 0, 0, 0, 0, 0, 6, 2, 5, 5, 2, 2, 6, 6, 6, 6, 6, 10, 0, 0, 0, 0, 0, 0, 0, 6, 5, 0, 6, 0, 1, 1, 6, 6, 5, 5, 6,
            6, 6, 6, 5, 5, 2, 1, 1, 5, 0, 6, 2, 2, 0, 0, 0, 0, 0, 6, 6, 6, 6, 2, 5, 5, 0, 6, 6, 0, 5, 2, 6, 6, 0, 0, 0, 0, 0, 0, 6, 5, 5, 5, 5, 6, 6, 10, 10, 0, 0, 0, 0, 0, 0, 0, 0, 2, 6, 6, 5, 5, 6, 1, 2, 2, 1, 6, 2, 5, 0,
            1, 2, 2, 5, 5, 6, 1, 5, 5, 5, 6, 6, 2, 0, 0, 0, 0, 6, 6, 2, 6, 5, 6, 6, 5, 5, 5, 0, 6, 6, 2, 0, 6, 0, 0, 0, 0, 0, 6, 2, 2, 2, 5, 6, 6, 10, 0, 0, 0, 0, 10, 0, 0, 0, 0, 2, 6, 6, 5, 5, 5, 6, 1, 2, 6, 6, 6, 2, 5, 0,
            1, 1, 1, 6, 6, 6, 1, 5, 0, 5, 6, 6, 2, 0, 0, 0, 0, 10, 0, 2, 6, 6, 10, 10, 6, 2, 2, 5, 6, 0, 5, 5, 6, 0, 0, 0, 0, 0, 6, 2, 5, 5, 5, 6, 0, 0, 0, 0, 0, 10, 10, 0, 0, 0, 0, 2, 2, 6, 2, 2, 5, 6, 1, 2, 6, 6, 6, 2, 5, 0,
            0, 1, 6, 6, 6, 6, 6, 5, 5, 0, 6, 2, 2, 0, 0, 0, 0, 6, 2, 2, 6, 6, 10, 0, 10, 10, 6, 5, 6, 6, 5, 2, 10, 10, 0, 0, 0, 0, 6, 2, 5, 0, 5, 6, 0, 0, 0, 0, 0, 0, 0, 0, 0, 0, 0, 10, 2, 6, 6, 2, 5, 5, 6, 2, 0, 6, 6, 2, 6, 0,
            0, 1, 6, 0, 6, 1, 6, 2, 0, 0, 6, 2, 10, 0, 0, 0, 6, 2, 2, 6, 6, 6, 0, 0, 0, 0, 10, 6, 2, 6, 5, 5, 6, 0, 0, 0, 0, 0, 6, 5, 5, 5, 5, 2, 6, 6, 0, 0, 0, 0, 0, 0, 0, 0, 0, 0, 2, 2, 6, 6, 0, 5, 6, 1, 2, 6, 6, 2, 6, 6,
            1, 2, 6, 0, 6, 6, 6, 6, 6, 0, 6, 6, 10, 10, 0, 6, 6, 5, 0, 6, 2, 2, 6, 10, 0, 0, 0, 10, 6, 6, 0, 5, 6, 10, 0, 0, 0, 0, 6, 2, 6, 6, 5, 2, 2, 6, 6, 6, 6, 0, 0, 0, 0, 0, 10, 0, 10, 2, 6, 6, 0, 5, 6, 6, 2, 1, 6, 6, 6, 6,
            1, 2, 6, 6, 6, 6, 6, 6, 6, 0, 5, 6, 10, 0, 0, 6, 6, 5, 5, 5, 0, 2, 2, 10, 0, 0, 0, 6, 6, 6, 6, 5, 6, 10, 0, 0, 0, 6, 6, 2, 6, 6, 6, 2, 2, 2, 2, 2, 6, 6, 0, 0, 0, 0, 10, 0, 0, 2, 2, 2, 0, 5, 6, 6, 2, 1, 6, 6, 0, 0,
            2, 2, 2, 2, 1, 6, 2, 6, 6, 6, 5, 6, 10, 0, 0, 0, 6, 0, 2, 0, 5, 2, 2, 0, 0, 0, 0, 6, 6, 2, 6, 5, 6, 0, 0, 0, 0, 6, 0, 6, 6, 5, 5, 5, 5, 5, 5, 5, 2, 6, 6, 0, 0, 0, 0, 0, 0, 2, 2, 2, 0, 5, 6, 6, 6, 6, 6, 6, 0, 0,
            2, 2, 0, 6, 1, 6, 6, 6, 6, 6, 5, 6, 2, 0, 0, 0, 6, 6, 5, 6, 6, 2, 10, 0, 0, 0, 0, 0, 6, 2, 6, 5, 2, 0, 0, 0, 6, 6, 6, 5, 5, 2, 2, 2, 2, 2, 2, 5, 2, 0, 6, 0, 0, 0, 2, 6, 10, 2, 6, 2, 5, 5, 6, 6, 6, 6, 6, 0, 5, 5,
            0, 0, 6, 1, 2, 2, 6, 2, 5, 0, 5, 6, 10, 0, 0, 0, 0, 6, 2, 2, 6, 2, 6, 0, 0, 0, 0, 0, 6, 2, 6, 2, 2, 0, 0, 0, 6, 6, 6, 5, 2, 6, 6, 6, 2, 2, 2, 2, 6, 6, 6, 0, 0, 2, 6, 6, 10, 2, 6, 2, 5, 2, 6, 2, 2, 2, 6, 6, 1, 5,
            0, 0, 6, 1, 2, 6, 6, 5, 5, 0, 6, 6, 10, 0, 0, 0, 0, 0, 6, 2, 6, 5, 6, 0, 0, 0, 0, 0, 6, 5, 6, 6, 6, 0, 0, 0, 6, 2, 2, 5, 6, 0, 0, 6, 6, 6, 2, 6, 6, 0, 0, 0, 2, 6, 6, 2, 0, 2, 6, 1, 2, 2, 5, 1, 2, 2, 1, 1, 2, 5,
            0, 0, 1, 1, 6, 6, 0, 5, 6, 6, 6, 5, 2, 0, 0, 0, 0, 0, 6, 5, 5, 5, 6, 0, 0, 0, 0, 0, 5, 5, 2, 2, 6, 0, 0, 0, 2, 2, 2, 5, 6, 6, 0, 0, 0, 6, 6, 6, 0, 0, 10, 0, 0, 0, 0, 0, 0, 2, 6, 1, 2, 1, 5, 5, 5, 1, 1, 2, 0, 5,
            0, 1, 1, 6, 6, 0, 5, 5, 6, 6, 6, 2, 10, 0, 0, 0, 0, 6, 6, 5, 5, 2, 6, 10, 0, 0, 10, 10, 6, 2, 2, 0, 6, 0, 0, 0, 2, 5, 6, 5, 2, 6, 6, 6, 0, 0, 0, 0, 10, 10, 0, 0, 0, 0, 0, 10, 10, 2, 6, 1, 2, 1, 6, 6, 5, 5, 0, 0, 0, 5,
            1, 2, 6, 5, 6, 6, 5, 0, 0, 0, 6, 6, 10, 0, 0, 0, 0, 6, 2, 2, 2, 2, 10, 10, 0, 0, 0, 0, 6, 2, 2, 6, 6, 0, 0, 10, 5, 5, 6, 6, 2, 2, 6, 0, 0, 0, 0, 0, 10, 10, 0, 0, 0, 0, 0, 0, 2, 2, 6, 1, 1, 1, 6, 6, 6, 5, 5, 0, 0, 0,
            2, 0, 6, 5, 0, 0, 5, 6, 6, 0, 6, 5, 10, 0, 0, 0, 0, 6, 6, 6, 2, 2, 6, 0, 0, 0, 0, 0, 6, 2, 2, 6, 6, 0, 0, 10, 5, 5, 5, 6, 5, 2, 6, 6, 0, 0, 0, 0, 0, 0, 0, 0, 0, 0, 0, 10, 2, 2, 6, 2, 1, 1, 2, 0, 6, 5, 5, 6, 0, 0,
            0, 6, 6, 5, 2, 2, 2, 0, 6, 0, 6, 5, 5, 5, 10, 0, 0, 10, 0, 6, 6, 6, 10, 0, 10, 0, 0, 0, 6, 6, 6, 6, 0, 0, 0, 6, 5, 5, 5, 5, 5, 2, 6, 6, 0, 0, 0, 10, 0, 0, 0, 0, 0, 0, 0, 0, 2, 6, 6, 2, 1, 2, 0, 0, 0, 5, 5, 5, 6, 0,
            1, 6, 2, 5, 5, 1, 2, 0, 6, 0, 6, 6, 6, 5, 10, 0, 10, 10, 0, 0, 0, 0, 0, 0, 0, 0, 0, 10, 6, 6, 6, 6, 0, 0, 0, 6, 5, 2, 2, 2, 2, 2, 6, 6, 0, 10, 10, 0, 0, 0, 0, 0, 0, 0, 0, 0, 2, 6, 6, 2, 1, 2, 0, 0, 5, 5, 6, 5, 6, 0,
            6, 6, 0, 5, 5, 5, 2, 6, 6, 0, 5, 5, 5, 5, 0, 0, 0, 0, 0, 0, 0, 0, 0, 0, 0, 0, 0, 0, 10, 0, 10, 0, 0, 0, 0, 6, 6, 6, 6, 6, 6, 6, 6, 0, 0, 10, 0, 0, 0, 0, 0, 0, 0, 2, 2, 2, 2, 2, 6, 6, 1, 2, 0, 6, 5, 6, 6, 5, 5, 0,
            6, 0, 0, 5, 5, 5, 5, 6, 0, 0, 2, 6, 5, 5, 0, 0, 0, 0, 0, 0, 0, 0, 0, 0, 0, 0, 0, 0, 0, 0, 0, 0, 0, 0, 0, 6, 0, 0, 0, 0, 0, 0, 0, 0, 0, 0, 0, 0, 0, 0, 0, 10, 10, 2, 6, 6, 6, 6, 6, 6, 1, 2, 2, 6, 0, 0, 6, 6, 0, 0,
            6, 2, 0, 5, 5, 1, 2, 5, 0, 0, 2, 6, 5, 5, 10, 0, 0, 0, 10, 0, 0, 0, 0, 0, 0, 0, 0, 0, 0, 0, 0, 0, 0, 0, 0, 0, 0, 0, 0, 0, 0, 0, 0, 0, 0, 0, 0, 0, 0, 0, 2, 2, 2, 2, 6, 5, 5, 5, 5, 5, 0, 5, 6, 5, 0, 6, 6, 0, 0, 0,
            6, 2, 0, 5, 5, 2, 6, 6, 6, 0, 2, 6, 6, 5, 10, 10, 10, 10, 5, 5, 5, 5, 5, 5, 5, 5, 0, 10, 10, 10, 10, 0, 10, 6, 6, 6, 6, 6, 6, 10, 10, 10, 10, 10, 0, 0, 0, 0, 6, 2, 2, 2, 6, 6, 6, 5, 5, 5, 2, 2, 0, 5, 5, 5, 6, 6, 6, 0, 0, 0,
            6, 1, 2, 5, 1, 2, 6, 0, 6, 0, 2, 2, 6, 6, 6, 2, 2, 5, 5, 6, 6, 6, 6, 6, 6, 6, 2, 2, 2, 2, 2, 2, 6, 6, 6, 6, 6, 6, 6, 2, 2, 6, 6, 6, 2, 10, 6, 6, 6, 6, 6, 6, 6, 2, 6, 5, 5, 5, 5, 5, 6, 6, 6, 2, 0, 6, 0, 5, 5, 5,
            6, 2, 1, 1, 2, 6, 6, 6, 6, 0, 2, 2, 2, 6, 6, 6, 6, 6, 6, 6, 2, 5, 5, 5, 5, 6, 2, 2, 6, 6, 6, 6, 6, 6, 6, 6, 6, 6, 6, 6, 6, 6, 2, 5, 6, 6, 5, 5, 5, 5, 2, 2, 2, 2, 2, 2, 2, 2, 2, 2, 6, 6, 6, 2, 2, 6, 0, 5, 0, 5,
            1, 6, 2, 1, 2, 6, 6, 0, 6, 6, 0, 5, 0, 0, 0, 1, 1, 1, 1, 2, 0, 0, 0, 0, 0, 5, 5, 5, 0, 0, 0, 0, 0, 0, 6, 0, 0, 0, 0, 0, 5, 5, 5, 5, 1, 6, 6, 6, 6, 6, 6, 6, 6, 0, 0, 0, 5, 5, 0, 0, 0, 0, 6, 1, 2, 2, 0, 5, 0, 0,
            2, 6, 6, 6, 6, 1, 1, 6, 5, 1, 2, 2, 5, 2, 2, 5, 5, 2, 2, 2, 2, 5, 5, 5, 1, 5, 2, 2, 2, 5, 5, 5, 5, 6, 6, 6, 0, 0, 5, 5, 5, 6, 6, 6, 6, 6, 2, 2, 2, 0, 0, 0, 6, 0, 0, 5, 5, 5, 0, 0, 0, 0, 6, 6, 6, 6, 2, 5, 0, 0,
            2, 2, 6, 6, 6, 1, 2, 6, 5, 2, 2, 1, 5, 5, 5, 0, 1, 5, 1, 2, 1, 5, 5, 5, 2, 5, 5, 2, 0, 1, 5, 5, 6, 5, 5, 6, 6, 6, 6, 6, 6, 6, 1, 6, 6, 6, 6, 6, 5, 5, 5, 5, 5, 5, 5, 5, 5, 5, 1, 1, 2, 0, 6, 6, 6, 6, 6, 5, 5, 0,
            1, 2, 6, 6, 1, 2, 2, 5, 5, 0, 0, 5, 5, 5, 5, 5, 5, 5, 5, 5, 0, 6, 6, 6, 2, 2, 5, 5, 5, 5, 2, 2, 6, 0, 0, 1, 2, 2, 1, 1, 1, 6, 6, 0, 6, 0, 0, 6, 0, 0, 1, 2, 2, 2, 6, 6, 5, 5, 5, 5, 5, 6, 6, 6, 0, 6, 6, 2, 5, 0,
            0, 6, 6, 6, 1, 1, 1, 5, 5, 5, 5, 5, 2, 2, 6, 6, 6, 6, 6, 6, 6, 6, 6, 6, 6, 6, 6, 6, 6, 6, 6, 6, 6, 6, 6, 6, 6, 6, 6, 6, 6, 6, 6, 6, 6, 6, 6, 6, 6, 6, 6, 6, 6, 6, 6, 5, 5, 5, 5, 5, 5, 6, 6, 6, 6, 6, 1, 2, 5, 5,
            0, 6, 6, 2, 0, 0, 6, 6, 2, 1, 2, 6, 6, 6, 6, 6, 6, 6, 6, 6, 0, 0, 0, 6, 6, 2, 2, 6, 6, 6, 1, 1, 6, 6, 6, 1, 2, 6, 6, 6, 0, 1, 1, 2, 0, 0, 6, 6, 6, 0, 0, 0, 6, 6, 6, 5, 6, 6, 6, 6, 6, 1, 2, 0, 0, 0, 1, 2, 0, 0,
            0, 1, 2, 6, 6, 6, 6, 6, 6, 6, 6, 6, 6, 6, 6, 6, 6, 6, 6, 6, 6, 6, 6, 6, 6, 6, 6, 2, 6, 6, 6, 6, 6, 6, 6, 6, 6, 6, 6, 6, 6, 6, 1, 2, 6, 6, 6, 6, 6, 6, 6, 6, 6, 6, 6, 6, 6, 6, 6, 6, 6, 1, 1, 2, 0, 0, 1, 6, 6, 6,
            0, 1, 2, 2, 2, 5, 5, 6, 6, 1, 2, 6, 6, 6, 6, 6, 6, 6, 0, 0, 6, 0, 6, 6, 6, 6, 6, 6, 6, 6, 6, 6, 6, 6, 6, 2, 2, 0, 6, 0, 6, 1, 6, 6, 6, 6, 6, 6, 6, 6, 6, 6, 6, 6, 6, 6, 6, 6, 6, 6, 6, 6, 6, 6, 6, 6, 6, 6, 6, 6,
            6, 6, 6, 6, 5, 5, 6, 6, 6, 6, 6, 6, 0, 6, 6, 6, 0, 6, 6, 6, 6, 6, 6, 6, 6, 0, 0, 1, 2, 2, 2, 2, 2, 2, 2, 2, 6, 6, 6, 1, 2, 2, 2, 6, 0, 6, 6, 6, 6, 6, 6, 6, 6, 6, 6, 6, 6, 0, 6, 6, 6, 6, 6, 1, 1, 1, 2, 6, 0, 0,
            6, 6, 6, 6, 6, 6, 6, 6, 6, 6, 6, 6, 6, 6, 6, 6, 6, 6, 0, 0, 0, 6, 0, 6, 0, 0, 0, 0, 6, 6, 6, 0, 0, 1, 2, 0, 0, 6, 6, 6, 6, 6, 6, 6, 6, 6, 0, 6, 6, 6, 6, 0, 0, 0, 0, 0, 0, 0, 0, 6, 0, 6, 6, 0, 0, 0, 0, 6, 0, 0],
         "height":50,
         "id":2,
         "name":"Obstacles",
         "opacity":1,
         "type":"tilelayer",
         "visible":true,
         "width":70,
         "x":0,
         "y":0
        }, 
        {
         "draworder":"topdown",
         "id":3,
         "name":"SpawnPoints",
         "objects":[
                {
                 "height":0,
                 "id":1,
                 "name":"SpawnPlayer",
                 "rotation":0,
                 "type":"",
                 "visible":true,
                 "width":0,
                 "x":496,
                 "y":400
                }],
         "opacity":1,
         "type":"objectgroup",
         "visible":true,
         "x":0,
         "y":0
        }, 
        {
         "draworder":"topdown",
         "id":4,
         "name":"Items",
         "objects":[
                {
                 "gid":3,
                 "height":32,
                 "id":3,
                 "name":"Mushroom",
                 "properties":[
                        {
                         "name":"damageHp",
                         "type":"int",
                         "value":100
                        }],
                 "rotation":0,
                 "type":"",
                 "visible":true,
                 "width":32,
                 "x":1824,
                 "y":384
                }, 
                {
                 "gid":3,
                 "height":32,
                 "id":6,
                 "name":"Mushroom",
                 "rotation":0,
                 "type":"",
                 "visible":true,
                 "width":32,
                 "x":1023.098,
                 "y":540.472
                }, 
                {
                 "gid":3,
                 "height":32,
                 "id":115,
                 "name":"Mushroom",
                 "rotation":0,
                 "type":"",
                 "visible":true,
                 "width":32,
                 "x":1054.431,
                 "y":446.472
                }, 
                {
                 "gid":3,
                 "height":32,
                 "id":116,
                 "name":"Mushroom",
                 "rotation":0,
                 "type":"",
                 "visible":true,
                 "width":32,
                 "x":1215.765,
                 "y":572.472
                }, 
                {
                 "gid":3,
                 "height":32,
                 "id":99,
                 "name":"Mushroom",
                 "rotation":0,
                 "type":"",
                 "visible":true,
                 "width":32,
                 "x":515.098,
                 "y":607.806
                }, 
                {
                 "gid":3,
                 "height":32,
                 "id":102,
                 "name":"Mushroom",
                 "rotation":0,
                 "type":"",
                 "visible":true,
                 "width":32,
                 "x":514.431,
                 "y":927.139
                }, 
                {
                 "gid":3,
                 "height":32,
                 "id":103,
                 "name":"Mushroom",
                 "rotation":0,
                 "type":"",
                 "visible":true,
                 "width":32,
                 "x":414.4313,
                 "y":958.472
                }, 
                {
                 "gid":3,
                 "height":32,
                 "id":104,
                 "name":"Mushroom",
                 "rotation":0,
                 "type":"",
                 "visible":true,
                 "width":32,
                 "x":513.098,
                 "y":1021.806
                }, 
                {
                 "gid":3,
                 "height":32,
                 "id":105,
                 "name":"Mushroom",
                 "rotation":0,
                 "type":"",
                 "visible":true,
                 "width":32,
                 "x":513.098,
                 "y":1181.806
                }, 
                {
                 "gid":3,
                 "height":32,
                 "id":106,
                 "name":"Mushroom",
                 "rotation":0,
                 "type":"",
                 "visible":true,
                 "width":32,
                 "x":639.765,
                 "y":1185.139
                }, 
                {
                 "gid":3,
                 "height":32,
                 "id":107,
                 "name":"Mushroom",
                 "rotation":0,
                 "type":"",
                 "visible":true,
                 "width":32,
                 "x":672.431,
                 "y":1088.472
                }, 
                {
                 "gid":3,
                 "height":32,
                 "id":108,
                 "name":"Mushroom",
                 "rotation":0,
                 "type":"",
                 "visible":true,
                 "width":32,
                 "x":801.765,
                 "y":1182.472
                }, 
                {
                 "gid":3,
                 "height":32,
                 "id":109,
                 "name":"Mushroom",
                 "rotation":0,
                 "type":"",
                 "visible":true,
                 "width":32,
                 "x":866.431,
                 "y":894.472
                }, 
                {
                 "gid":3,
                 "height":32,
                 "id":112,
                 "name":"Mushroom",
                 "rotation":0,
                 "type":"",
                 "visible":true,
                 "width":32,
                 "x":895.765,
                 "y":1150.472
                }, 
                {
                 "gid":3,
                 "height":32,
                 "id":113,
                 "name":"Mushroom",
                 "rotation":0,
                 "type":"",
                 "visible":true,
                 "width":32,
                 "x":1023.765,
                 "y":1055.806
                }, 
                {
                 "gid":3,
                 "height":32,
                 "id":117,
                 "name":"Mushroom",
                 "rotation":0,
                 "type":"",
                 "visible":true,
                 "width":32,
                 "x":1309.098,
                 "y":1150.472
                }, 
                {
                 "gid":3,
                 "height":32,
                 "id":118,
                 "name":"Mushroom",
                 "rotation":0,
                 "type":"",
                 "visible":true,
                 "width":32,
                 "x":1407.76,
                 "y":927.806
                }, 
                {
                 "gid":3,
                 "height":32,
                 "id":119,
                 "name":"Mushroom",
                 "rotation":0,
                 "type":"",
                 "visible":true,
                 "width":32,
                 "x":1629.76,
                 "y":831.139
                }, 
                {
                 "gid":3,
                 "height":32,
                 "id":120,
                 "name":"Mushroom",
                 "rotation":0,
                 "type":"",
                 "visible":true,
                 "width":32,
                 "x":1535.76,
                 "y":605.806
                }, 
                {
                 "gid":3,
                 "height":32,
                 "id":121,
                 "name":"Mushroom",
                 "rotation":0,
                 "type":"",
                 "visible":true,
                 "width":32,
                 "x":1532.43,
                 "y":704.472
                }, 
                {
                 "gid":3,
                 "height":32,
                 "id":122,
                 "name":"Mushroom",
                 "rotation":0,
                 "type":"",
                 "visible":true,
                 "width":32,
                 "x":1726.43,
                 "y":638.472
                }, 
                {
                 "gid":3,
                 "height":32,
                 "id":123,
                 "name":"Mushroom",
                 "rotation":0,
                 "type":"",
                 "visible":true,
                 "width":32,
                 "x":1693.1,
                 "y":447.139
                }, 
                {
                 "gid":3,
                 "height":32,
                 "id":124,
                 "name":"Mushroom",
                 "rotation":0,
                 "type":"",
                 "visible":true,
                 "width":32,
                 "x":1791.1,
                 "y":541.806
                }, 
                {
                 "gid":3,
                 "height":32,
                 "id":125,
                 "name":"Mushroom",
                 "rotation":0,
                 "type":"",
                 "visible":true,
                 "width":32,
                 "x":1599.1,
                 "y":573.806
                }, 
                {
                 "gid":3,
                 "height":32,
                 "id":114,
                 "name":"Mushroom",
                 "rotation":0,
                 "type":"",
                 "visible":true,
                 "width":32,
                 "x":1189.765,
                 "y":700.472
                }, 
                {
                 "gid":3,
                 "height":32,
                 "id":111,
                 "name":"Mushroom",
                 "rotation":0,
                 "type":"",
                 "visible":true,
                 "width":32,
                 "x":733.765,
                 "y":703.806
                }, 
                {
                 "gid":3,
                 "height":32,
                 "id":110,
                 "name":"Mushroom",
                 "rotation":0,
                 "type":"",
                 "visible":true,
                 "width":32,
                 "x":735.098,
                 "y":833.139
                }, 
                {
                 "gid":3,
                 "height":32,
                 "id":101,
                 "name":"Mushroom",
                 "rotation":0,
                 "type":"",
                 "visible":true,
                 "width":32,
                 "x":414.4313,
                 "y":830.472
                }, 
                {
                 "gid":3,
                 "height":32,
                 "id":100,
                 "name":"Mushroom",
                 "rotation":0,
                 "type":"",
                 "visible":true,
                 "width":32,
                 "x":418.4313,
                 "y":543.806
                }, 
                {
                 "gid":9,
                 "height":32,
                 "id":9,
                 "name":"FlowerWhite",
                 "rotation":0,
                 "type":"",
                 "visible":true,
                 "width":32,
                 "x":417.6637,
                 "y":510.529
                }, 
                {
                 "gid":9,
                 "height":32,
                 "id":10,
                 "name":"FlowerWhite",
                 "rotation":0,
                 "type":"",
                 "visible":true,
                 "width":32,
                 "x":544.997,
                 "y":573.862
                }, 
                {
                 "gid":9,
                 "height":32,
                 "id":11,
                 "name":"FlowerWhite",
                 "rotation":0,
                 "type":"",
                 "visible":true,
                 "width":32,
                 "x":832.33,
                 "y":735.196
                }, 
                {
                 "gid":9,
                 "height":32,
                 "id":16,
                 "name":"FlowerWhite",
                 "rotation":0,
                 "type":"",
                 "visible":true,
                 "width":32,
                 "x":864.997,
                 "y":447.196
                }, 
                {
                 "gid":9,
                 "height":32,
                 "id":12,
                 "name":"FlowerWhite",
                 "rotation":0,
                 "type":"",
                 "visible":true,
                 "width":32,
                 "x":546.997,
                 "y":927.196
                }, 
                {
                 "gid":9,
                 "height":32,
                 "id":15,
                 "name":"FlowerWhite",
                 "rotation":0,
                 "type":"",
                 "visible":true,
                 "width":32,
                 "x":994.33,
                 "y":415.8622
                }, 
                {
                 "gid":9,
                 "height":32,
                 "id":13,
                 "name":"FlowerWhite",
                 "rotation":0,
                 "type":"",
                 "visible":true,
                 "width":32,
                 "x":925.664,
                 "y":1119.862
                }, 
                {
                 "gid":9,
                 "height":32,
                 "id":21,
                 "name":"FlowerWhite",
                 "rotation":0,
                 "type":"",
                 "visible":true,
                 "width":32,
                 "x":1311.664,
                 "y":895.862
                }, 
                {
                 "gid":9,
                 "height":32,
                 "id":19,
                 "name":"FlowerWhite",
                 "rotation":0,
                 "type":"",
                 "visible":true,
                 "width":32,
                 "x":1409.66,
                 "y":671.862
                }, 
                {
                 "gid":9,
                 "height":32,
                 "id":22,
                 "name":"FlowerWhite",
                 "rotation":0,
                 "type":"",
                 "visible":true,
                 "width":32,
                 "x":1600.33,
                 "y":479.196
                }, 
                {
                 "gid":9,
                 "height":32,
                 "id":23,
                 "name":"FlowerWhite",
                 "rotation":0,
                 "type":"",
                 "visible":true,
                 "width":32,
                 "x":1827,
                 "y":541.862
                }, 
                {
                 "gid":9,
                 "height":32,
                 "id":24,
                 "name":"FlowerWhite",
                 "rotation":0,
                 "type":"",
                 "visible":true,
                 "width":32,
                 "x":1793,
                 "y":925.196
                }, 
                {
                 "gid":9,
                 "height":32,
                 "id":26,
                 "name":"FlowerWhite",
                 "rotation":0,
                 "type":"",
                 "visible":true,
                 "width":32,
                 "x":1761,
                 "y":1087.862
                }, 
                {
                 "gid":9,
                 "height":32,
                 "id":25,
                 "name":"FlowerWhite",
                 "rotation":0,
                 "type":"",
                 "visible":true,
                 "width":32,
                 "x":1406.33,
                 "y":1219.196
                }, 
                {
                 "gid":9,
                 "height":32,
                 "id":20,
                 "name":"FlowerWhite",
                 "rotation":0,
                 "type":"",
                 "visible":true,
                 "width":32,
                 "x":1311.664,
                 "y":895.862
                }, 
                {
                 "gid":9,
                 "height":32,
                 "id":18,
                 "name":"FlowerWhite",
                 "rotation":0,
                 "type":"",
                 "visible":true,
                 "width":32,
                 "x":992.33,
                 "y":1217.196
                }, 
                {
                 "gid":9,
                 "height":32,
                 "id":17,
                 "name":"FlowerWhite",
                 "rotation":0,
                 "type":"",
                 "visible":true,
                 "width":32,
                 "x":1191.664,
                 "y":735.862
                }, 
                {
                 "gid":9,
                 "height":32,
                 "id":14,
                 "name":"FlowerWhite",
                 "rotation":0,
                 "type":"",
                 "visible":true,
                 "width":32,
                 "x":706.33,
                 "y":704.529
                }, 
                {
                 "gid":12,
                 "height":32,
                 "id":27,
                 "name":"FlowerPurple",
                 "rotation":0,
                 "type":"",
                 "visible":true,
                 "width":32,
                 "x":1537.33,
                 "y":927.333
                }, 
                {
                 "gid":12,
                 "height":32,
                 "id":31,
                 "name":"FlowerPurple",
                 "rotation":0,
                 "type":"",
                 "visible":true,
                 "width":32,
                 "x":1408.67,
                 "y":1026.667
                }, 
                {
                 "gid":12,
                 "height":32,
                 "id":41,
                 "name":"FlowerPurple",
                 "rotation":0,
                 "type":"",
                 "visible":true,
                 "width":32,
                 "x":1150.667,
                 "y":1150.667
                }, 
                {
                 "gid":12,
                 "height":32,
                 "id":42,
                 "name":"FlowerPurple",
                 "rotation":0,
                 "type":"",
                 "visible":true,
                 "width":32,
                 "x":834,
                 "y":1057.333
                }, 
                {
                 "gid":12,
                 "height":32,
                 "id":53,
                 "name":"FlowerPurple",
                 "rotation":0,
                 "type":"",
                 "visible":true,
                 "width":32,
                 "x":576,
                 "y":1055.333
                }, 
                {
                 "gid":12,
                 "height":32,
                 "id":56,
                 "name":"FlowerPurple",
                 "rotation":0,
                 "type":"",
                 "visible":true,
                 "width":32,
                 "x":451.333,
                 "y":800
                }, 
                {
                 "gid":12,
                 "height":32,
                 "id":59,
                 "name":"FlowerPurple",
                 "rotation":0,
                 "type":"",
                 "visible":true,
                 "width":32,
                 "x":512,
                 "y":447.333
                }, 
                {
                 "gid":12,
                 "height":32,
                 "id":58,
                 "name":"FlowerPurple",
                 "rotation":0,
                 "type":"",
                 "visible":true,
                 "width":32,
                 "x":512,
                 "y":672
                }, 
                {
                 "gid":12,
                 "height":32,
                 "id":57,
                 "name":"FlowerPurple",
                 "rotation":0,
                 "type":"",
                 "visible":true,
                 "width":32,
                 "x":414,
                 "y":610
                }, 
                {
                 "gid":12,
                 "height":32,
                 "id":55,
                 "name":"FlowerPurple",
                 "rotation":0,
                 "type":"",
                 "visible":true,
                 "width":32,
                 "x":420,
                 "y":1025.333
                }, 
                {
                 "gid":12,
                 "height":32,
                 "id":52,
                 "name":"FlowerPurple",
                 "rotation":0,
                 "type":"",
                 "visible":true,
                 "width":32,
                 "x":708.667,
                 "y":1089.333
                }, 
                {
                 "gid":12,
                 "height":32,
                 "id":54,
                 "name":"FlowerPurple",
                 "rotation":0,
                 "type":"",
                 "visible":true,
                 "width":32,
                 "x":482,
                 "y":1184.667
                }, 
                {
                 "gid":12,
                 "height":32,
                 "id":51,
                 "name":"FlowerPurple",
                 "rotation":0,
                 "type":"",
                 "visible":true,
                 "width":32,
                 "x":1055.333,
                 "y":992
                }, 
                {
                 "gid":12,
                 "height":32,
                 "id":49,
                 "name":"FlowerPurple",
                 "rotation":0,
                 "type":"",
                 "visible":true,
                 "width":32,
                 "x":767.333,
                 "y":928
                }, 
                {
                 "gid":12,
                 "height":32,
                 "id":50,
                 "name":"FlowerPurple",
                 "rotation":0,
                 "type":"",
                 "visible":true,
                 "width":32,
                 "x":833.333,
                 "y":801.333
                }, 
                {
                 "gid":12,
                 "height":32,
                 "id":48,
                 "name":"FlowerPurple",
                 "rotation":0,
                 "type":"",
                 "visible":true,
                 "width":32,
                 "x":802.667,
                 "y":704
                }, 
                {
                 "gid":12,
                 "height":32,
                 "id":43,
                 "name":"FlowerPurple",
                 "rotation":0,
                 "type":"",
                 "visible":true,
                 "width":32,
                 "x":1056,
                 "y":800
                }, 
                {
                 "gid":12,
                 "height":32,
                 "id":44,
                 "name":"FlowerPurple",
                 "rotation":0,
                 "type":"",
                 "visible":true,
                 "width":32,
                 "x":1186,
                 "y":576.667
                }, 
                {
                 "gid":12,
                 "height":32,
                 "id":45,
                 "name":"FlowerPurple",
                 "rotation":0,
                 "type":"",
                 "visible":true,
                 "width":32,
                 "x":1024,
                 "y":512
                }, 
                {
                 "gid":12,
                 "height":32,
                 "id":47,
                 "name":"FlowerPurple",
                 "rotation":0,
                 "type":"",
                 "visible":true,
                 "width":32,
                 "x":926.667,
                 "y":415.3333
                }, 
                {
                 "gid":12,
                 "height":32,
                 "id":46,
                 "name":"FlowerPurple",
                 "rotation":0,
                 "type":"",
                 "visible":true,
                 "width":32,
                 "x":1150.667,
                 "y":447.333
                }, 
                {
                 "gid":12,
                 "height":32,
                 "id":40,
                 "name":"FlowerPurple",
                 "rotation":0,
                 "type":"",
                 "visible":true,
                 "width":32,
                 "x":1664,
                 "y":1121.333
                }, 
                {
                 "gid":12,
                 "height":32,
                 "id":39,
                 "name":"FlowerPurple",
                 "rotation":0,
                 "type":"",
                 "visible":true,
                 "width":32,
                 "x":1505.33,
                 "y":1216.667
                },
            
                {
                 "gid":12,
                 "height":32,
                 "id":32,
                 "name":"FlowerPurple",
                 "rotation":0,
                 "type":"",
                 "visible":true,
                 "width":32,
                 "x":1600.67,
                 "y":736
                }, 
                {
                 "gid":12,
                 "height":32,
                 "id":34,
                 "name":"FlowerPurple",
                 "rotation":0,
                 "type":"",
                 "visible":true,
                 "width":32,
                 "x":1728,
                 "y":608.667
                }, 
                {
                 "gid":12,
                 "height":32,
                 "id":38,
                 "name":"FlowerPurple",
                 "rotation":0,
                 "type":"",
                 "visible":true,
                 "width":32,
                 "x":1826,
                 "y":414.6667
                }, 
                {
                 "gid":12,
                 "height":32,
                 "id":36,
                 "name":"FlowerPurple",
                 "rotation":0,
                 "type":"",
                 "visible":true,
                 "width":32,
                 "x":1728,
                 "y":608.667
                }, 
                {
                 "gid":12,
                 "height":32,
                 "id":37,
                 "name":"FlowerPurple",
                 "rotation":0,
                 "type":"",
                 "visible":true,
                 "width":32,
                 "x":1826,
                 "y":414.6667
                }, 
                {
                 "gid":12,
                 "height":32,
                 "id":35,
                 "name":"FlowerPurple",
                 "rotation":0,
                 "type":"",
                 "visible":true,
                 "width":32,
                 "x":1728.67,
                 "y":445.333
                }, 
                {
                 "gid":12,
                 "height":32,
                 "id":33,
                 "name":"FlowerPurple",
                 "rotation":0,
                 "type":"",
                 "visible":true,
                 "width":32,
                 "x":1634,
                 "y":544.667
                }, 
                {
                 "gid":12,
                 "height":32,
                 "id":28,
                 "name":"FlowerPurple",
                 "rotation":0,
                 "type":"",
                 "visible":true,
                 "width":32,
                 "x":1761.33,
                 "y":992.667
                }, 
                {
                 "gid":11,
                 "height":32,
                 "id":60,
                 "name":"Sunflower",
                 "rotation":0,
                 "type":"",
                 "visible":true,
                 "width":32,
                 "x":448.667,
                 "y":480
                }, 
                {
                 "gid":11,
                 "height":32,
                 "id":61,
                 "name":"Sunflower",
                 "rotation":0,
                 "type":"",
                 "visible":true,
                 "width":32,
                 "x":610.667,
                 "y":1187.333
                }, 
                {
                 "gid":11,
                 "height":32,
                 "id":62,
                 "name":"Sunflower",
                 "rotation":0,
                 "type":"",
                 "visible":true,
                 "width":32,
                 "x":867.333,
                 "y":830.667
                }, 
                {
                 "gid":11,
                 "height":32,
                 "id":63,
                 "name":"Sunflower",
                 "rotation":0,
                 "type":"",
                 "visible":true,
                 "width":32,
                 "x":1186,
                 "y":641.333
                }, 
                {
                 "gid":11,
                 "height":32,
                 "id":64,
                 "name":"Sunflower",
                 "rotation":0,
                 "type":"",
                 "visible":true,
                 "width":32,
                 "x":1410,
                 "y":1090
                }, 
                {
                 "gid":11,
                 "height":32,
                 "id":65,
                 "name":"Sunflower",
                 "rotation":0,
                 "type":"",
                 "visible":true,
                 "width":32,
                 "x":1535.33,
                 "y":578.667
                }, 
                {
                 "gid":4,
                 "height":32,
                 "id":66,
                 "name":"Flower",
                 "rotation":0,
                 "type":"",
                 "visible":true,
                 "width":32,
                 "x":411.3333,
                 "y":676
                }, 
                {
                 "gid":4,
                 "height":32,
                 "id":70,
                 "name":"Flower",
                 "rotation":0,
                 "type":"",
                 "visible":true,
                 "width":32,
                 "x":506.667,
                 "y":517.333
                }, 
                {
                 "gid":4,
                 "height":32,
                 "id":71,
                 "name":"Flower",
                 "rotation":0,
                 "type":"",
                 "visible":true,
                 "width":32,
                 "x":412,
                 "y":898
                }, 
                {
                 "gid":4,
                 "height":32,
                 "id":73,
                 "name":"Flower",
                 "rotation":0,
                 "type":"",
                 "visible":true,
                 "width":32,
                 "x":440,
                 "y":1122
                }, 
                {
                 "gid":4,
                 "height":32,
                 "id":74,
                 "name":"Flower",
                 "rotation":0,
                 "type":"",
                 "visible":true,
                 "width":32,
                 "x":602.667,
                 "y":1092
                }, 
                {
                 "gid":4,
                 "height":32,
                 "id":75,
                 "name":"Flower",
                 "rotation":0,
                 "type":"",
                 "visible":true,
                 "width":32,
                 "x":696,
                 "y":1186.667
                }, 
                {
                 "gid":4,
                 "height":32,
                 "id":76,
                 "name":"Flower",
                 "rotation":0,
                 "type":"",
                 "visible":true,
                 "width":32,
                 "x":825.333,
                 "y":1219.333
                }, 
                {
                 "gid":4,
                 "height":32,
                 "id":77,
                 "name":"Flower",
                 "rotation":0,
                 "type":"",
                 "visible":true,
                 "width":32,
                 "x":857.333,
                 "y":1062
                }, 
                {
                 "gid":4,
                 "height":32,
                 "id":81,
                 "name":"Flower",
                 "rotation":0,
                 "type":"",
                 "visible":true,
                 "width":32,
                 "x":1054.667,
                 "y":1188
                }, 
                {
                 "gid":4,
                 "height":32,
                 "id":82,
                 "name":"Flower",
                 "rotation":0,
                 "type":"",
                 "visible":true,
                 "width":32,
                 "x":1115.333,
                 "y":965.333
                }, 
                {
                 "gid":4,
                 "height":32,
                 "id":87,
                 "name":"Flower",
                 "rotation":0,
                 "type":"",
                 "visible":true,
                 "width":32,
                 "x":1210,
                 "y":1156
                }, 
                {
                 "gid":4,
                 "height":32,
                 "id":88,
                 "name":"Flower",
                 "rotation":0,
                 "type":"",
                 "visible":true,
                 "width":32,
                 "x":1369.33,
                 "y":1124
                }, 
                {
                 "gid":4,
                 "height":32,
                 "id":89,
                 "name":"Flower",
                 "rotation":0,
                 "type":"",
                 "visible":true,
                 "width":32,
                 "x":1467.33,
                 "y":1218
                }, 
                {
                 "gid":4,
                 "height":32,
                 "id":90,
                 "name":"Flower",
                 "rotation":0,
                 "type":"",
                 "visible":true,
                 "width":32,
                 "x":1596.67,
                 "y":1156.667
                }, 
                {
                 "gid":4,
                 "height":32,
                 "id":91,
                 "name":"Flower",
                 "rotation":0,
                 "type":"",
                 "visible":true,
                 "width":32,
                 "x":1338,
                 "y":895.333
                }, 
                {
                 "gid":4,
                 "height":32,
                 "id":92,
                 "name":"Flower",
                 "rotation":0,
                 "type":"",
                 "visible":true,
                 "width":32,
                 "x":1498.67,
                 "y":961.333
                }, 
                {
                 "gid":4,
                 "height":32,
                 "id":93,
                 "name":"Flower",
                 "rotation":0,
                 "type":"",
                 "visible":true,
                 "width":32,
                 "x":1785.33,
                 "y":802
                }, 
                {
                 "gid":4,
                 "height":32,
                 "id":94,
                 "name":"Flower",
                 "rotation":0,
                 "type":"",
                 "visible":true,
                 "width":32,
                 "x":1467.33,
                 "y":704
                }, 
                {
                 "gid":4,
                 "height":32,
                 "id":95,
                 "name":"Flower",
                 "rotation":0,
                 "type":"",
                 "visible":true,
                 "width":32,
                 "x":1468.67,
                 "y":610.667
                }, 
                {
                 "gid":4,
                 "height":32,
                 "id":96,
                 "name":"Flower",
                 "rotation":0,
                 "type":"",
                 "visible":true,
                 "width":32,
                 "x":1626.67,
                 "y":482.667
                }, 
                {
                 "gid":4,
                 "height":32,
                 "id":97,
                 "name":"Flower",
                 "rotation":0,
                 "type":"",
                 "visible":true,
                 "width":32,
                 "x":1756,
                 "y":546.667
                }, 
                {
                 "gid":4,
                 "height":32,
                 "id":98,
                 "name":"Flower",
                 "rotation":0,
                 "type":"",
                 "visible":true,
                 "width":32,
                 "x":1756.67,
                 "y":704.667
                }, 
                {
                 "gid":4,
                 "height":32,
                 "id":83,
                 "name":"Flower",
                 "rotation":0,
                 "type":"",
                 "visible":true,
                 "width":32,
                 "x":1048.667,
                 "y":831.333
                }, 
                {
                 "gid":4,
                 "height":32,
                 "id":84,
                 "name":"Flower",
                 "rotation":0,
                 "type":"",
                 "visible":true,
                 "width":32,
                 "x":1048,
                 "y":641.333
                }, 
                {
                 "gid":4,
                 "height":32,
                 "id":85,
                 "name":"Flower",
                 "rotation":0,
                 "type":"",
                 "visible":true,
                 "width":32,
                 "x":1178,
                 "y":482.667
                }, 
                {
                 "gid":4,
                 "height":32,
                 "id":86,
                 "name":"Flower",
                 "rotation":0,
                 "type":"",
                 "visible":true,
                 "width":32,
                 "x":958.667,
                 "y":417.3333
                }, 
                {
                 "gid":4,
                 "height":32,
                 "id":78,
                 "name":"Flower",
                 "rotation":0,
                 "type":"",
                 "visible":true,
                 "width":32,
                 "x":730,
                 "y":805.333
                }, 
                {
                 "gid":4,
                 "height":32,
                 "id":80,
                 "name":"Flower",
                 "rotation":0,
                 "type":"",
                 "visible":true,
                 "width":32,
                 "x":736.667,
                 "y":674
                }, 
                {
                 "gid":4,
                 "height":32,
                 "id":79,
                 "name":"Flower",
                 "rotation":0,
                 "type":"",
                 "visible":true,
                 "width":32,
                 "x":729.333,
                 "y":930.667
                }, 
                {
                 "gid":4,
                 "height":32,
                 "id":72,
                 "name":"Flower",
                 "rotation":0,
                 "type":"",
                 "visible":true,
                 "width":32,
                 "x":511.333,
                 "y":868
                }],
         "opacity":1,
         "type":"objectgroup",
         "visible":true,
         "x":0,
         "y":0
        }, 
        {
         "draworder":"topdown",
         "id":5,
         "name":"Doors",
         "objects":[
                {
                 "gid":7,
                 "height":32,
                 "id":2,
                 "name":"Cave",
                 "properties":[
                        {
                         "name":"goToWorld",
                         "type":"string",
                         "value":"level-04"
                        }],
                 "rotation":0,
                 "type":"",
                 "visible":true,
                 "width":32,
                 "x":1791.82,
                 "y":352.1818
                }],
         "opacity":1,
         "type":"objectgroup",
         "visible":true,
         "x":0,
         "y":0
        }],
 "nextlayerid":6,
 "nextobjectid":126,
 "orientation":"orthogonal",
 "renderorder":"right-down",
 "tiledversion":"1.11.2",
 "tileheight":32,
 "tilesets":[
        {
         "columns":4,
         "firstgid":1,
         "image":"..\/tileset.png",
         "imageheight":102,
         "imagewidth":136,
         "margin":1,
         "name":"tileset",
         "spacing":2,
         "tilecount":12,
         "tileheight":32,
         "tiles":[
                {
                 "id":1,
                 "properties":[
                        {
                         "name":"collides",
                         "type":"bool",
                         "value":true
                        }]
                }, 
                {
                 "id":4,
                 "properties":[
                        {
                         "name":"collides",
                         "type":"bool",
                         "value":true
                        }]
                }, 
                {
                 "id":5,
                 "properties":[
                        {
                         "name":"collides",
                         "type":"bool",
                         "value":true
                        }]
                }, 
                {
                 "id":7,
                 "properties":[
                        {
                         "name":"collides",
                         "type":"bool",
                         "value":true
                        }]
                }, 
                {
                 "id":9,
                 "properties":[
                        {
                         "name":"collides",
                         "type":"bool",
                         "value":true
                        }]
                }],
         "tilewidth":32
        }],
 "tilewidth":32,
 "type":"map",
 "version":"1.10",
 "width":70
}