{ "compressionlevel":-1,
 "height":50,
 "infinite":false,
 "layers":[
        {
         "data":[1, 1, 1, 1, 1, 1, 1, 1, 1, 1, 1, 1, 1, 1, 1, 1, 1, 1, 1, 1, 1, 1, 1, 1, 1, 1, 1, 1, 1, 1, 1, 1, 1, 1, 1, 1, 1, 1, 1, 1, 1, 1, 1, 1, 1, 1, 1, 1, 1, 1, 1, 1, 1, 1, 1, 1, 1, 1, 1, 1, 1, 1, 1, 1, 1, 1, 1, 1, 1, 1,
            1, 1, 1, 1, 1, 1, 1, 1, 1, 1, 1, 1, 1, 1, 1, 1, 1, 1, 1, 1, 1, 1, 1, 1, 1, 1, 1, 1, 1, 1, 1, 1, 1, 1, 1, 1, 1, 1, 1, 1, 1, 1, 1, 1, 1, 1, 1, 1, 1, 1, 1, 1, 1, 1, 1, 1, 1, 1, 1, 1, 1, 1, 1, 1, 1, 1, 1, 1, 1, 1,
            1, 1, 1, 1, 1, 1, 1, 1, 1, 1, 1, 1, 1, 1, 1, 1, 1, 1, 1, 1, 1, 1, 1, 1, 1, 1, 1, 1, 1, 1, 1, 1, 1, 1, 1, 1, 1, 1, 1, 1, 1, 1, 1, 1, 1, 1, 1, 1, 1, 1, 1, 1, 1, 1, 1, 1, 1, 1, 1, 1, 1, 1, 1, 1, 1, 1, 1, 1, 1, 1,
            1, 1, 1, 1, 1, 1, 1, 1, 1, 1, 1, 1, 1, 1, 1, 1, 1, 1, 1, 1, 1, 1, 1, 1, 1, 1, 1, 1, 1, 1, 1, 1, 1, 1, 1, 1, 1, 1, 1, 1, 1, 1, 1, 1, 1, 1, 1, 1, 1, 1, 1, 1, 1, 1, 1, 1, 1, 1, 1, 1, 1, 1, 1, 1, 1, 1, 1, 1, 1, 1,
            1, 1, 1, 1, 1, 1, 1, 1, 1, 1, 1, 1, 1, 1, 1, 1, 1, 1, 1, 1, 1, 1, 1, 1, 1, 1, 1, 1, 1, 1, 1, 1, 1, 1, 1, 1, 1, 1, 1, 1, 1, 1, 1, 1, 1, 1, 1, 1, 1, 1, 1, 1, 1, 1, 1, 1, 1, 1, 1, 1, 1, 1, 1, 1, 1, 1, 1, 1, 1, 1,
            1, 1, 1, 1, 1, 1, 1, 1, 1, 1, 1, 1, 1, 1, 1, 1, 1, 1, 1, 1, 1, 1, 1, 1, 1, 1, 1, 1, 1, 1, 1, 1, 1, 1, 1, 1, 1, 1, 1, 1, 1, 1, 1, 1, 1, 1, 1, 1, 1, 1, 1, 1, 1, 1, 1, 1, 1, 1, 1, 1, 1, 1, 1, 1, 1, 1, 1, 1, 1, 1,
            1, 1, 1, 1, 1, 1, 1, 1, 1, 1, 1, 1, 1, 1, 1, 1, 1, 1, 1, 1, 1, 1, 1, 1, 1, 1, 1, 1, 1, 1, 1, 1, 1, 1, 1, 1, 1, 1, 1, 1, 1, 1, 1, 1, 1, 1, 1, 1, 1, 1, 1, 1, 1, 1, 1, 1, 1, 1, 1, 1, 1, 1, 1, 1, 1, 1, 1, 1, 1, 1,
            1, 1, 1, 1, 1, 1, 1, 1, 1, 1, 1, 1, 1, 1, 1, 1, 1, 1, 1, 1, 1, 1, 1, 1, 1, 1, 1, 1, 1, 1, 1, 1, 1, 1, 1, 1, 1, 1, 1, 1, 1, 1, 1, 1, 1, 1, 1, 1, 1, 1, 1, 1, 1, 1, 1, 1, 1, 1, 1, 1, 1, 1, 1, 1, 1, 1, 1, 1, 1, 1,
            1, 1, 1, 1, 1, 1, 1, 1, 1, 1, 1, 1, 1, 1, 1, 1, 1, 1, 1, 1, 1, 1, 1, 1, 1, 1, 1, 1, 1, 1, 1, 1, 1, 1, 1, 1, 1, 1, 1, 1, 1, 1, 1, 1, 1, 1, 1, 1, 1, 1, 1, 1, 1, 1, 1, 1, 1, 1, 1, 1, 1, 1, 1, 1, 1, 1, 1, 1, 1, 1,
            1, 1, 1, 1, 1, 1, 1, 1, 1, 1, 1, 1, 1, 1, 1, 1, 1, 1, 1, 1, 1, 1, 1, 1, 1, 1, 1, 1, 1, 1, 1, 1, 1, 1, 1, 1, 1, 1, 1, 1, 1, 1, 1, 1, 1, 1, 1, 1, 1, 1, 1, 1, 1, 1, 1, 1, 1, 1, 1, 1, 1, 1, 1, 1, 1, 1, 1, 1, 1, 1,
            1, 1, 1, 1, 1, 1, 1, 1, 1, 1, 1, 1, 1, 1, 1, 1, 1, 1, 1, 1, 1, 1, 1, 1, 1, 1, 1, 1, 1, 1, 1, 1, 1, 1, 1, 1, 1, 1, 1, 1, 1, 1, 1, 1, 1, 1, 1, 1, 1, 1, 1, 1, 1, 1, 1, 1, 1, 1, 1, 1, 1, 1, 1, 1, 1, 1, 1, 1, 1, 1,
            1, 1, 1, 1, 1, 1, 1, 1, 1, 1, 1, 1, 1, 1, 1, 1, 1, 1, 1, 1, 1, 1, 1, 1, 1, 1, 1, 1, 1, 1, 1, 1, 1, 1, 1, 1, 1, 1, 1, 1, 1, 1, 1, 1, 1, 1, 1, 1, 1, 1, 1, 1, 1, 1, 1, 1, 1, 1, 1, 1, 1, 1, 1, 1, 1, 1, 1, 1, 1, 1,
            1, 1, 1, 1, 1, 1, 1, 1, 1, 1, 1, 1, 1, 1, 1, 1, 1, 1, 1, 1, 1, 1, 1, 1, 1, 1, 1, 1, 1, 1, 1, 1, 1, 1, 1, 1, 1, 1, 1, 1, 1, 1, 1, 1, 1, 1, 1, 1, 1, 1, 1, 1, 1, 1, 1, 1, 1, 1, 1, 1, 1, 1, 1, 1, 1, 1, 1, 1, 1, 1,
            1, 1, 1, 1, 1, 1, 1, 1, 1, 1, 1, 1, 1, 1, 1, 1, 1, 1, 1, 1, 1, 1, 1, 1, 1, 1, 1, 1, 1, 1, 1, 1, 1, 1, 1, 1, 1, 1, 1, 1, 1, 1, 1, 1, 1, 1, 1, 1, 1, 1, 1, 1, 1, 1, 1, 1, 1, 1, 1, 1, 1, 1, 1, 1, 1, 1, 1, 1, 1, 1,
            1, 1, 1, 1, 1, 1, 1, 1, 1, 1, 1, 1, 1, 1, 1, 1, 1, 1, 1, 1, 1, 1, 1, 1, 1, 1, 1, 1, 1, 1, 1, 1, 1, 1, 1, 1, 1, 1, 1, 1, 1, 1, 1, 1, 1, 1, 1, 1, 1, 1, 1, 1, 1, 1, 1, 1, 1, 1, 1, 1, 1, 1, 1, 1, 1, 1, 1, 1, 1, 1,
            1, 1, 1, 1, 1, 1, 1, 1, 1, 1, 1, 1, 1, 1, 1, 1, 1, 1, 1, 1, 1, 1, 1, 1, 1, 1, 1, 1, 1, 1, 1, 1, 1, 1, 1, 1, 1, 1, 1, 1, 1, 1, 1, 1, 1, 1, 1, 1, 1, 1, 1, 1, 1, 1, 1, 1, 1, 1, 1, 1, 1, 1, 1, 1, 1, 1, 1, 1, 1, 1,
            1, 1, 1, 1, 1, 1, 1, 1, 1, 1, 1, 1, 1, 1, 1, 1, 1, 1, 1, 1, 1, 1, 1, 1, 1, 1, 1, 1, 1, 1, 1, 1, 1, 1, 1, 1, 1, 1, 1, 1, 1, 1, 1, 1, 1, 1, 1, 1, 1, 1, 1, 1, 1, 1, 1, 1, 1, 1, 1, 1, 1, 1, 1, 1, 1, 1, 1, 1, 1, 1,
            1, 1, 1, 1, 1, 1, 1, 1, 1, 1, 1, 1, 1, 1, 1, 1, 1, 1, 1, 1, 1, 1, 1, 1, 1, 1, 1, 1, 1, 1, 1, 1, 1, 1, 1, 1, 1, 1, 1, 1, 1, 1, 1, 1, 1, 1, 1, 1, 1, 1, 1, 1, 1, 1, 1, 1, 1, 1, 1, 1, 1, 1, 1, 1, 1, 1, 1, 1, 1, 1,
            1, 1, 1, 1, 1, 1, 1, 1, 1, 1, 1, 1, 1, 1, 1, 1, 1, 1, 1, 1, 1, 1, 1, 1, 1, 1, 1, 1, 1, 1, 1, 1, 1, 1, 1, 1, 1, 1, 1, 1, 1, 1, 1, 1, 1, 1, 1, 1, 1, 1, 1, 1, 1, 1, 1, 1, 1, 1, 1, 1, 1, 1, 1, 1, 1, 1, 1, 1, 1, 1,
            1, 1, 1, 1, 1, 1, 1, 1, 1, 1, 1, 1, 1, 1, 1, 1, 1, 1, 1, 1, 1, 1, 1, 1, 1, 1, 1, 1, 1, 1, 1, 1, 1, 1, 1, 1, 1, 1, 1, 1, 1, 1, 1, 1, 1, 1, 1, 1, 1, 1, 1, 1, 1, 1, 1, 1, 1, 1, 1, 1, 1, 1, 1, 1, 1, 1, 1, 1, 1, 1,
            1, 1, 1, 1, 1, 1, 1, 1, 1, 1, 1, 1, 1, 1, 1, 1, 1, 1, 1, 1, 1, 1, 1, 1, 1, 1, 1, 1, 1, 1, 1, 1, 1, 1, 1, 1, 1, 1, 1, 1, 1, 1, 1, 1, 1, 1, 1, 1, 1, 1, 1, 1, 1, 1, 1, 1, 1, 1, 1, 1, 1, 1, 1, 1, 1, 1, 1, 1, 1, 1,
            1, 1, 1, 1, 1, 1, 1, 1, 1, 1, 1, 1, 1, 1, 1, 1, 1, 1, 1, 1, 1, 1, 1, 1, 1, 1, 1, 1, 1, 1, 1, 1, 1, 1, 1, 1, 1, 1, 1, 1, 1, 1, 1, 1, 1, 1, 1, 1, 1, 1, 1, 1, 1, 1, 1, 1, 1, 1, 1, 1, 1, 1, 1, 1, 1, 1, 1, 1, 1, 1,
            1, 1, 1, 1, 1, 1, 1, 1, 1, 1, 1, 1, 1, 1, 1, 1, 1, 1, 1, 1, 1, 1, 1, 1, 1, 1, 1, 1, 1, 1, 1, 1, 1, 1, 1, 1, 1, 1, 1, 1, 1, 1, 1, 1, 1, 1, 1, 1, 1, 1, 1, 1, 1, 1, 1, 1, 1, 1, 1, 1, 1, 1, 1, 1, 1, 1, 1, 1, 1, 1,
            1, 1, 1, 1, 1, 1, 1, 1, 1, 1, 1, 1, 1, 1, 1, 1, 1, 1, 1, 1, 1, 1, 1, 1, 1, 1, 1, 1, 1, 1, 1, 1, 1, 1, 1, 1, 1, 1, 1, 1, 1, 1, 1, 1, 1, 1, 1, 1, 1, 1, 1, 1, 1, 1, 1, 1, 1, 1, 1, 1, 1, 1, 1, 1, 1, 1, 1, 1, 1, 1,
            1, 1, 1, 1, 1, 1, 1, 1, 1, 1, 1, 1, 1, 1, 1, 1, 1, 1, 1, 1, 1, 1, 1, 1, 1, 1, 1, 1, 1, 1, 1, 1, 1, 1, 1, 1, 1, 1, 1, 1, 1, 1, 1, 1, 1, 1, 1, 1, 1, 1, 1, 1, 1, 1, 1, 1, 1, 1, 1, 1, 1, 1, 1, 1, 1, 1, 1, 1, 1, 1,
            1, 1, 1, 1, 1, 1, 1, 1, 1, 1, 1, 1, 1, 1, 1, 1, 1, 1, 1, 1, 1, 1, 1, 1, 1, 1, 1, 1, 1, 1, 1, 1, 1, 1, 1, 1, 1, 1, 1, 1, 1, 1, 1, 1, 1, 1, 1, 1, 1, 1, 1, 1, 1, 1, 1, 1, 1, 1, 1, 1, 1, 1, 1, 1, 1, 1, 1, 1, 1, 1,
            1, 1, 1, 1, 1, 1, 1, 1, 1, 1, 1, 1, 1, 1, 1, 1, 1, 1, 1, 1, 1, 1, 1, 1, 1, 1, 1, 1, 1, 1, 1, 1, 1, 1, 1, 1, 1, 1, 1, 1, 1, 1, 1, 1, 1, 1, 1, 1, 1, 1, 1, 1, 1, 1, 1, 1, 1, 1, 1, 1, 1, 1, 1, 1, 1, 1, 1, 1, 1, 1,
            1, 1, 1, 1, 1, 1, 1, 1, 1, 1, 1, 1, 1, 1, 1, 1, 1, 1, 1, 1, 1, 1, 1, 1, 1, 1, 1, 1, 1, 1, 1, 1, 1, 1, 1, 1, 1, 1, 1, 1, 1, 1, 1, 1, 1, 1, 1, 1, 1, 1, 1, 1, 1, 1, 1, 1, 1, 1, 1, 1, 1, 1, 1, 1, 1, 1, 1, 1, 1, 1,
            1, 1, 1, 1, 1, 1, 1, 1, 1, 1, 1, 1, 1, 1, 1, 1, 1, 1, 1, 1, 1, 1, 1, 1, 1, 1, 1, 1, 1, 1, 1, 1, 1, 1, 1, 1, 1, 1, 1, 1, 1, 1, 1, 1, 1, 1, 1, 1, 1, 1, 1, 1, 1, 1, 1, 1, 1, 1, 1, 1, 1, 1, 1, 1, 1, 1, 1, 1, 1, 1,
            1, 1, 1, 1, 1, 1, 1, 1, 1, 1, 1, 1, 1, 1, 1, 1, 1, 1, 1, 1, 1, 1, 1, 1, 1, 1, 1, 1, 1, 1, 1, 1, 1, 1, 1, 1, 1, 1, 1, 1, 1, 1, 1, 1, 1, 1, 1, 1, 1, 1, 1, 1, 1, 1, 1, 1, 1, 1, 1, 1, 1, 1, 1, 1, 1, 1, 1, 1, 1, 1,
            1, 1, 1, 1, 1, 1, 1, 1, 1, 1, 1, 1, 1, 1, 1, 1, 1, 1, 1, 1, 1, 1, 1, 1, 1, 1, 1, 1, 1, 1, 1, 1, 1, 1, 1, 1, 1, 1, 1, 1, 1, 1, 1, 1, 1, 1, 1, 1, 1, 1, 1, 1, 1, 1, 1, 1, 1, 1, 1, 1, 1, 1, 1, 1, 1, 1, 1, 1, 1, 1,
            1, 1, 1, 1, 1, 1, 1, 1, 1, 1, 1, 1, 1, 1, 1, 1, 1, 1, 1, 1, 1, 1, 1, 1, 1, 1, 1, 1, 1, 1, 1, 1, 1, 1, 1, 1, 1, 1, 1, 1, 1, 1, 1, 1, 1, 1, 1, 1, 1, 1, 1, 1, 1, 1, 1, 1, 1, 1, 1, 1, 1, 1, 1, 1, 1, 1, 1, 1, 1, 1,
            1, 1, 1, 1, 1, 1, 1, 1, 1, 1, 1, 1, 1, 1, 1, 1, 1, 1, 1, 1, 1, 1, 1, 1, 1, 1, 1, 1, 1, 1, 1, 1, 1, 1, 1, 1, 1, 1, 1, 1, 1, 1, 1, 1, 1, 1, 1, 1, 1, 1, 1, 1, 1, 1, 1, 1, 1, 1, 1, 1, 1, 1, 1, 1, 1, 1, 1, 1, 1, 1,
            1, 1, 1, 1, 1, 1, 1, 1, 1, 1, 1, 1, 1, 1, 1, 1, 1, 1, 1, 1, 1, 1, 1, 1, 1, 1, 1, 1, 1, 1, 1, 1, 1, 1, 1, 1, 1, 1, 1, 1, 1, 1, 1, 1, 1, 1, 1, 1, 1, 1, 1, 1, 1, 1, 1, 1, 1, 1, 1, 1, 1, 1, 1, 1, 1, 1, 1, 1, 1, 1,
            1, 1, 1, 1, 1, 1, 1, 1, 1, 1, 1, 1, 1, 1, 1, 1, 1, 1, 1, 1, 1, 1, 1, 1, 1, 1, 1, 1, 1, 1, 1, 1, 1, 1, 1, 1, 1, 1, 1, 1, 1, 1, 1, 1, 1, 1, 1, 1, 1, 1, 1, 1, 1, 1, 1, 1, 1, 1, 1, 1, 1, 1, 1, 1, 1, 1, 1, 1, 1, 1,
            1, 1, 1, 1, 1, 1, 1, 1, 1, 1, 1, 1, 1, 1, 1, 1, 1, 1, 1, 1, 1, 1, 1, 1, 1, 1, 1, 1, 1, 1, 1, 1, 1, 1, 1, 1, 1, 1, 1, 1, 1, 1, 1, 1, 1, 1, 1, 1, 1, 1, 1, 1, 1, 1, 1, 1, 1, 1, 1, 1, 1, 1, 1, 1, 1, 1, 1, 1, 1, 1,
            1, 1, 1, 1, 1, 1, 1, 1, 1, 1, 1, 1, 1, 1, 1, 1, 1, 1, 1, 1, 1, 1, 1, 1, 1, 1, 1, 1, 1, 1, 1, 1, 1, 1, 1, 1, 1, 1, 1, 1, 1, 1, 1, 1, 1, 1, 1, 1, 1, 1, 1, 1, 1, 1, 1, 1, 1, 1, 1, 1, 1, 1, 1, 1, 1, 1, 1, 1, 1, 1,
            1, 1, 1, 1, 1, 1, 1, 1, 1, 1, 1, 1, 1, 1, 1, 1, 1, 1, 1, 1, 1, 1, 1, 1, 1, 1, 1, 1, 1, 1, 1, 1, 1, 1, 1, 1, 1, 1, 1, 1, 1, 1, 1, 1, 1, 1, 1, 1, 1, 1, 1, 1, 1, 1, 1, 1, 1, 1, 1, 1, 1, 1, 1, 1, 1, 1, 1, 1, 1, 1,
            1, 1, 1, 1, 1, 1, 1, 1, 1, 1, 1, 1, 1, 1, 1, 1, 1, 1, 1, 1, 1, 1, 1, 1, 1, 1, 1, 1, 1, 1, 1, 1, 1, 1, 1, 1, 1, 1, 1, 1, 1, 1, 1, 1, 1, 1, 1, 1, 1, 1, 1, 1, 1, 1, 1, 1, 1, 1, 1, 1, 1, 1, 1, 1, 1, 1, 1, 1, 1, 1,
            1, 1, 1, 1, 1, 1, 1, 1, 1, 1, 1, 1, 1, 1, 1, 1, 1, 1, 1, 1, 1, 1, 1, 1, 1, 1, 1, 1, 1, 1, 1, 1, 1, 1, 1, 1, 1, 1, 1, 1, 1, 1, 1, 1, 1, 1, 1, 1, 1, 1, 1, 1, 1, 1, 1, 1, 1, 1, 1, 1, 1, 1, 1, 1, 1, 1, 1, 1, 1, 1,
            1, 1, 1, 1, 1, 1, 1, 1, 1, 1, 1, 1, 1, 1, 1, 1, 1, 1, 1, 1, 1, 1, 1, 1, 1, 1, 1, 1, 1, 1, 1, 1, 1, 1, 1, 1, 1, 1, 1, 1, 1, 1, 1, 1, 1, 1, 1, 1, 1, 1, 1, 1, 1, 1, 1, 1, 1, 1, 1, 1, 1, 1, 1, 1, 1, 1, 1, 1, 1, 1,
            1, 1, 1, 1, 1, 1, 1, 1, 1, 1, 1, 1, 1, 1, 1, 1, 1, 1, 1, 1, 1, 1, 1, 1, 1, 1, 1, 1, 1, 1, 1, 1, 1, 1, 1, 1, 1, 1, 1, 1, 1, 1, 1, 1, 1, 1, 1, 1, 1, 1, 1, 1, 1, 1, 1, 1, 1, 1, 1, 1, 1, 1, 1, 1, 1, 1, 1, 1, 1, 1,
            1, 1, 1, 1, 1, 1, 1, 1, 1, 1, 1, 1, 1, 1, 1, 1, 1, 1, 1, 1, 1, 1, 1, 1, 1, 1, 1, 1, 1, 1, 1, 1, 1, 1, 1, 1, 1, 1, 1, 1, 1, 1, 1, 1, 1, 1, 1, 1, 1, 1, 1, 1, 1, 1, 1, 1, 1, 1, 1, 1, 1, 1, 1, 1, 1, 1, 1, 1, 1, 1,
            1, 1, 1, 1, 1, 1, 1, 1, 1, 1, 1, 1, 1, 1, 1, 1, 1, 1, 1, 1, 1, 1, 1, 1, 1, 1, 1, 1, 1, 1, 1, 1, 1, 1, 1, 1, 1, 1, 1, 1, 1, 1, 1, 1, 1, 1, 1, 1, 1, 1, 1, 1, 1, 1, 1, 1, 1, 1, 1, 1, 1, 1, 1, 1, 1, 1, 1, 1, 1, 1,
            1, 1, 1, 1, 1, 1, 1, 1, 1, 1, 1, 1, 1, 1, 1, 1, 1, 1, 1, 1, 1, 1, 1, 1, 1, 1, 1, 1, 1, 1, 1, 1, 1, 1, 1, 1, 1, 1, 1, 1, 1, 1, 1, 1, 1, 1, 1, 1, 1, 1, 1, 1, 1, 1, 1, 1, 1, 1, 1, 1, 1, 1, 1, 1, 1, 1, 1, 1, 1, 1,
            1, 1, 1, 1, 1, 1, 1, 1, 1, 1, 1, 1, 1, 1, 1, 1, 1, 1, 1, 1, 1, 1, 1, 1, 1, 1, 1, 1, 1, 1, 1, 1, 1, 1, 1, 1, 1, 1, 1, 1, 1, 1, 1, 1, 1, 1, 1, 1, 1, 1, 1, 1, 1, 1, 1, 1, 1, 1, 1, 1, 1, 1, 1, 1, 1, 1, 1, 1, 1, 1,
            1, 1, 1, 1, 1, 1, 1, 1, 1, 1, 1, 1, 1, 1, 1, 1, 1, 1, 1, 1, 1, 1, 1, 1, 1, 1, 1, 1, 1, 1, 1, 1, 1, 1, 1, 1, 1, 1, 1, 1, 1, 1, 1, 1, 1, 1, 1, 1, 1, 1, 1, 1, 1, 1, 1, 1, 1, 1, 1, 1, 1, 1, 1, 1, 1, 1, 1, 1, 1, 1,
            1, 1, 1, 1, 1, 1, 1, 1, 1, 1, 1, 1, 1, 1, 1, 1, 1, 1, 1, 1, 1, 1, 1, 1, 1, 1, 1, 1, 1, 1, 1, 1, 1, 1, 1, 1, 1, 1, 1, 1, 1, 1, 1, 1, 1, 1, 1, 1, 1, 1, 1, 1, 1, 1, 1, 1, 1, 1, 1, 1, 1, 1, 1, 1, 1, 1, 1, 1, 1, 1,
            1, 1, 1, 1, 1, 1, 1, 1, 1, 1, 1, 1, 1, 1, 1, 1, 1, 1, 1, 1, 1, 1, 1, 1, 1, 1, 1, 1, 1, 1, 1, 1, 1, 1, 1, 1, 1, 1, 1, 1, 1, 1, 1, 1, 1, 1, 1, 1, 1, 1, 1, 1, 1, 1, 1, 1, 1, 1, 1, 1, 1, 1, 1, 1, 1, 1, 1, 1, 1, 1,
            1, 1, 1, 1, 1, 1, 1, 1, 1, 1, 1, 1, 1, 1, 1, 1, 1, 1, 1, 1, 1, 1, 1, 1, 1, 1, 1, 1, 1, 1, 1, 1, 1, 1, 1, 1, 1, 1, 1, 1, 1, 1, 1, 1, 1, 1, 1, 1, 1, 1, 1, 1, 1, 1, 1, 1, 1, 1, 1, 1, 1, 1, 1, 1, 1, 1, 1, 1, 1, 1],
         "height":50,
         "id":1,
         "name":"Background",
         "opacity":1,
         "type":"tilelayer",
         "visible":true,
         "width":70,
         "x":0,
         "y":0
        }, 
        {
         "data":[6, 6, 6, 6, 6, 6, 6, 6, 6, 6, 2, 2, 2, 2, 2, 2, 2, 2, 2, 2, 2, 2, 0, 0, 0, 0, 0, 0, 6, 6, 6, 6, 6, 6, 0, 6, 6, 6, 6, 5, 0, 2, 2, 2, 2, 2, 5, 0, 2, 2, 2, 0, 0, 0, 0, 6, 0, 0, 0, 5, 5, 5, 5, 5, 5, 5, 0, 0, 0, 0,
            0, 0, 6, 6, 2, 2, 2, 5, 2, 2, 2, 6, 6, 0, 0, 0, 0, 0, 0, 0, 0, 2, 6, 6, 6, 6, 6, 6, 6, 6, 6, 6, 6, 2, 6, 6, 2, 2, 5, 5, 2, 2, 0, 0, 0, 5, 5, 2, 5, 5, 2, 2, 2, 2, 2, 6, 2, 2, 5, 5, 2, 2, 2, 2, 0, 2, 6, 6, 0, 0,
            2, 2, 6, 2, 2, 2, 2, 5, 0, 6, 6, 5, 0, 6, 5, 5, 5, 5, 5, 2, 2, 2, 2, 2, 2, 5, 6, 6, 6, 6, 6, 2, 2, 2, 2, 2, 2, 2, 6, 6, 6, 6, 6, 6, 5, 5, 2, 2, 2, 5, 5, 2, 2, 2, 6, 6, 6, 6, 6, 6, 6, 6, 6, 2, 6, 2, 5, 6, 6, 6,
            2, 6, 0, 0, 6, 2, 5, 5, 2, 6, 2, 5, 2, 6, 6, 2, 2, 2, 2, 5, 5, 5, 5, 5, 2, 2, 6, 5, 5, 5, 6, 6, 6, 6, 6, 0, 0, 2, 2, 2, 2, 2, 2, 2, 5, 2, 2, 2, 2, 2, 5, 6, 6, 6, 6, 2, 6, 6, 2, 2, 2, 2, 2, 2, 2, 2, 5, 0, 0, 6,
            6, 6, 0, 0, 2, 5, 5, 2, 2, 6, 6, 5, 5, 5, 6, 6, 5, 5, 5, 6, 6, 2, 2, 2, 2, 2, 2, 2, 5, 5, 5, 5, 5, 5, 6, 5, 5, 2, 2, 2, 2, 2, 2, 2, 6, 6, 6, 6, 6, 0, 0, 0, 5, 5, 5, 5, 6, 6, 5, 2, 6, 6, 2, 2, 6, 2, 5, 6, 6, 6,
            6, 5, 0, 2, 6, 6, 0, 0, 2, 2, 6, 2, 5, 2, 6, 6, 6, 6, 2, 2, 2, 6, 6, 6, 6, 6, 6, 6, 6, 5, 5, 2, 5, 5, 6, 2, 2, 2, 5, 5, 5, 6, 6, 6, 6, 2, 2, 2, 6, 2, 2, 2, 2, 6, 6, 6, 0, 6, 0, 0, 0, 0, 0, 2, 2, 2, 5, 2, 6, 6,
            2, 6, 2, 2, 6, 6, 6, 6, 6, 6, 6, 0, 0, 0, 0, 0, 0, 0, 0, 0, 0, 0, 0, 0, 0, 0, 0, 0, 0, 0, 5, 5, 0, 0, 6, 6, 6, 5, 0, 0, 0, 0, 0, 0, 6, 6, 6, 6, 6, 6, 6, 6, 6, 6, 6, 0, 0, 0, 0, 0, 0, 6, 6, 0, 2, 2, 5, 2, 6, 0,
            0, 6, 6, 0, 6, 2, 2, 2, 2, 6, 6, 6, 6, 6, 6, 6, 6, 6, 6, 6, 6, 5, 5, 6, 6, 6, 6, 6, 0, 6, 6, 6, 6, 6, 5, 5, 5, 5, 5, 5, 6, 6, 5, 5, 5, 5, 6, 6, 6, 6, 6, 2, 2, 6, 6, 6, 6, 6, 6, 6, 6, 6, 5, 0, 6, 6, 5, 0, 6, 2,
            2, 2, 6, 6, 0, 2, 2, 2, 0, 5, 5, 5, 5, 5, 2, 2, 2, 2, 0, 0, 0, 6, 5, 5, 5, 5, 5, 5, 5, 5, 6, 6, 5, 5, 5, 0, 6, 6, 6, 6, 2, 2, 2, 2, 2, 5, 0, 5, 6, 6, 5, 0, 2, 2, 2, 6, 6, 6, 5, 5, 0, 6, 5, 5, 5, 6, 5, 5, 6, 2,
            2, 2, 2, 6, 0, 5, 2, 5, 5, 5, 6, 6, 6, 6, 10, 10, 10, 10, 2, 2, 2, 2, 0, 5, 5, 5, 5, 6, 0, 5, 0, 6, 5, 6, 6, 6, 6, 2, 2, 2, 0, 6, 6, 6, 6, 2, 10, 10, 10, 0, 5, 5, 6, 6, 2, 2, 0, 6, 5, 5, 5, 2, 2, 2, 5, 6, 2, 6, 0, 2,
            2, 6, 2, 0, 0, 6, 6, 0, 6, 6, 6, 6, 6, 10, 0, 0, 0, 10, 10, 10, 10, 10, 2, 6, 5, 0, 0, 6, 6, 5, 6, 6, 5, 5, 6, 0, 2, 2, 6, 6, 6, 6, 0, 10, 10, 0, 10, 0, 10, 10, 2, 5, 5, 6, 5, 2, 2, 2, 2, 5, 5, 5, 5, 2, 5, 0, 2, 6, 5, 0,
            2, 6, 2, 6, 0, 6, 6, 6, 6, 6, 6, 10, 10, 10, 0, 0, 0, 0, 0, 0, 0, 10, 10, 0, 5, 5, 0, 0, 5, 5, 5, 6, 0, 0, 2, 2, 10, 10, 0, 10, 10, 10, 10, 10, 10, 10, 10, 10, 0, 10, 2, 0, 5, 5, 6, 6, 6, 2, 5, 6, 5, 5, 5, 5, 5, 0, 2, 6, 5, 0,
            2, 6, 6, 6, 0, 6, 5, 0, 2, 6, 10, 0, 0, 0, 0, 0, 0, 0, 0, 0, 0, 0, 0, 10, 6, 5, 5, 0, 6, 6, 0, 2, 2, 2, 2, 6, 8, 8, 8, 8, 8, 8, 0, 8, 8, 8, 8, 8, 8, 8, 6, 2, 5, 5, 6, 6, 6, 6, 0, 5, 6, 5, 0, 6, 2, 2, 0, 6, 5, 0,
            2, 6, 6, 0, 5, 6, 5, 0, 2, 2, 10, 10, 0, 0, 0, 0, 0, 0, 0, 0, 0, 0, 0, 10, 6, 2, 5, 5, 6, 0, 2, 2, 0, 6, 10, 10, 0, 0, 0, 0, 0, 0, 0, 0, 0, 0, 0, 10, 10, 6, 10, 2, 5, 5, 6, 6, 6, 6, 6, 5, 5, 5, 5, 6, 2, 2, 0, 5, 5, 0,
            2, 2, 6, 0, 5, 6, 5, 5, 2, 2, 6, 10, 10, 0, 0, 0, 0, 0, 0, 0, 0, 0, 0, 10, 6, 2, 6, 0, 6, 0, 2, 6, 10, 10, 10, 0, 0, 0, 0, 0, 0, 0, 0, 0, 0, 0, 0, 10, 6, 6, 6, 2, 2, 5, 5, 5, 6, 0, 6, 5, 6, 6, 5, 5, 5, 2, 0, 5, 6, 0,
            6, 0, 6, 0, 5, 6, 6, 5, 2, 0, 6, 10, 0, 0, 0, 0, 0, 0, 0, 0, 0, 0, 0, 10, 6, 2, 6, 6, 6, 2, 6, 10, 10, 10, 0, 0, 0, 0, 0, 0, 0, 0, 0, 0, 0, 0, 0, 10, 6, 10, 6, 0, 6, 6, 6, 5, 5, 6, 6, 5, 6, 6, 6, 0, 5, 2, 0, 5, 6, 0,
            6, 0, 6, 0, 5, 6, 0, 5, 6, 2, 6, 10, 0, 0, 0, 0, 0, 0, 0, 0, 0, 0, 10, 10, 6, 2, 6, 6, 5, 2, 0, 10, 10, 0, 0, 0, 0, 0, 0, 0, 0, 0, 0, 0, 0, 0, 0, 0, 6, 0, 6, 6, 6, 2, 6, 2, 2, 6, 6, 6, 6, 6, 6, 0, 2, 2, 0, 6, 6, 6,
            6, 2, 6, 6, 0, 6, 0, 5, 6, 2, 10, 10, 0, 0, 0, 0, 0, 0, 0, 0, 0, 10, 10, 0, 6, 2, 6, 5, 5, 6, 10, 10, 0, 0, 0, 0, 0, 0, 0, 0, 0, 0, 0, 0, 0, 0, 10, 10, 6, 10, 6, 6, 2, 6, 6, 6, 6, 6, 6, 0, 2, 6, 6, 6, 2, 2, 0, 6, 0, 6,
            6, 2, 6, 5, 0, 6, 0, 5, 6, 2, 6, 10, 0, 0, 0, 0, 0, 0, 0, 0, 0, 10, 6, 6, 2, 2, 5, 5, 2, 6, 10, 0, 10, 10, 0, 0, 0, 0, 0, 0, 0, 0, 0, 0, 10, 10, 6, 6, 6, 10, 10, 5, 5, 5, 0, 6, 6, 10, 6, 0, 2, 5, 6, 6, 2, 2, 6, 6, 0, 6,
            6, 2, 6, 5, 0, 6, 6, 5, 6, 2, 2, 10, 10, 0, 0, 0, 0, 0, 0, 0, 10, 10, 6, 2, 2, 6, 5, 0, 2, 6, 10, 10, 0, 0, 10, 10, 0, 0, 0, 0, 0, 10, 10, 10, 6, 6, 10, 6, 6, 6, 10, 5, 6, 6, 6, 6, 0, 10, 10, 6, 2, 5, 5, 6, 2, 2, 6, 0, 0, 6,
            6, 6, 6, 6, 6, 6, 6, 5, 6, 0, 2, 10, 10, 0, 0, 0, 0, 0, 0, 10, 10, 6, 2, 2, 6, 6, 5, 2, 2, 6, 0, 10, 0, 0, 0, 0, 0, 0, 0, 0, 0, 0, 0, 10, 10, 10, 2, 2, 6, 5, 5, 2, 6, 6, 6, 0, 0, 0, 10, 6, 2, 5, 5, 5, 2, 2, 2, 0, 0, 6,
            0, 2, 6, 5, 0, 0, 6, 5, 5, 2, 2, 6, 10, 0, 0, 0, 0, 10, 10, 10, 2, 2, 5, 6, 5, 5, 5, 2, 0, 6, 6, 10, 0, 0, 0, 0, 0, 0, 0, 0, 0, 10, 10, 10, 6, 2, 2, 6, 5, 5, 2, 6, 6, 6, 6, 0, 0, 0, 10, 6, 2, 5, 5, 6, 2, 6, 5, 0, 6, 6,
            0, 5, 6, 6, 0, 0, 6, 5, 5, 2, 0, 6, 6, 10, 0, 0, 0, 10, 6, 6, 2, 6, 5, 5, 5, 6, 0, 2, 0, 0, 6, 10, 0, 0, 0, 0, 0, 0, 0, 0, 10, 10, 0, 6, 0, 2, 6, 10, 5, 0, 6, 6, 6, 6, 0, 0, 0, 0, 10, 6, 2, 2, 6, 6, 2, 6, 5, 2, 6, 6,
            2, 5, 2, 6, 0, 5, 6, 6, 0, 2, 2, 0, 6, 10, 0, 0, 0, 10, 10, 0, 2, 6, 0, 5, 5, 0, 0, 2, 0, 0, 6, 10, 10, 0, 0, 0, 0, 0, 0, 0, 0, 10, 6, 6, 6, 6, 6, 5, 10, 6, 6, 0, 6, 6, 0, 0, 0, 0, 10, 6, 2, 2, 5, 6, 2, 6, 5, 2, 6, 6,
            2, 0, 2, 6, 0, 6, 6, 6, 0, 5, 2, 2, 6, 10, 0, 0, 0, 0, 10, 0, 2, 6, 6, 5, 5, 5, 0, 2, 0, 6, 6, 0, 10, 10, 10, 0, 0, 0, 0, 10, 10, 0, 6, 2, 6, 0, 5, 10, 10, 2, 0, 6, 10, 0, 0, 0, 0, 0, 10, 6, 2, 5, 5, 6, 2, 6, 5, 2, 6, 2,
            2, 0, 2, 6, 6, 6, 5, 6, 0, 5, 5, 2, 2, 6, 10, 0, 0, 0, 10, 6, 0, 2, 6, 5, 5, 5, 2, 2, 6, 6, 10, 10, 10, 0, 0, 0, 0, 0, 0, 10, 6, 6, 2, 6, 0, 5, 5, 10, 0, 2, 6, 10, 10, 0, 0, 0, 0, 0, 6, 6, 2, 0, 6, 6, 2, 6, 6, 0, 6, 2,
            2, 0, 2, 6, 6, 6, 6, 5, 6, 6, 5, 0, 2, 6, 10, 0, 0, 0, 10, 6, 2, 2, 6, 0, 2, 2, 2, 0, 6, 10, 10, 0, 0, 0, 0, 0, 0, 0, 10, 10, 6, 2, 6, 6, 10, 10, 6, 10, 2, 2, 10, 10, 0, 0, 0, 0, 0, 0, 6, 0, 2, 6, 6, 6, 2, 5, 6, 0, 6, 2,
            2, 0, 6, 6, 6, 2, 6, 6, 0, 6, 5, 0, 2, 6, 10, 0, 0, 10, 10, 6, 2, 2, 6, 2, 2, 6, 10, 10, 10, 0, 0, 0, 0, 0, 0, 0, 0, 0, 0, 0, 6, 2, 6, 6, 10, 5, 10, 0, 2, 10, 10, 0, 0, 0, 0, 0, 0, 6, 6, 2, 2, 6, 6, 2, 2, 5, 6, 6, 6, 0,
            6, 6, 6, 2, 6, 2, 2, 6, 0, 0, 6, 2, 2, 6, 10, 0, 0, 10, 10, 6, 2, 2, 0, 6, 6, 10, 10, 10, 0, 10, 0, 0, 0, 0, 0, 0, 0, 0, 0, 10, 6, 0, 6, 10, 10, 10, 10, 2, 2, 10, 0, 0, 0, 0, 0, 0, 0, 6, 0, 2, 6, 6, 6, 2, 0, 5, 5, 2, 6, 0,
            2, 0, 6, 5, 6, 2, 2, 5, 5, 6, 6, 2, 6, 10, 10, 0, 0, 0, 10, 6, 6, 6, 6, 10, 10, 10, 0, 10, 0, 0, 0, 0, 0, 0, 0, 0, 0, 0, 0, 0, 6, 0, 2, 2, 0, 2, 2, 2, 6, 0, 0, 0, 0, 0, 0, 0, 6, 6, 2, 5, 6, 6, 6, 2, 0, 0, 5, 2, 6, 0,
            2, 0, 6, 5, 0, 2, 2, 2, 5, 6, 2, 6, 6, 10, 10, 0, 0, 10, 10, 10, 10, 10, 10, 10, 0, 10, 0, 10, 0, 0, 0, 0, 0, 0, 0, 0, 0, 0, 0, 10, 6, 6, 0, 2, 2, 2, 0, 6, 10, 10, 0, 0, 0, 0, 0, 0, 6, 0, 5, 5, 6, 6, 0, 2, 2, 0, 5, 5, 6, 0,
            6, 6, 6, 6, 0, 2, 2, 2, 5, 2, 2, 6, 10, 0, 0, 0, 0, 0, 10, 0, 0, 0, 0, 0, 0, 0, 0, 0, 0, 0, 0, 0, 0, 0, 0, 0, 0, 0, 10, 10, 10, 6, 6, 6, 6, 6, 6, 10, 10, 0, 0, 0, 0, 0, 0, 6, 6, 2, 5, 6, 0, 6, 0, 2, 2, 2, 0, 5, 6, 0,
            0, 0, 6, 6, 0, 2, 2, 5, 5, 2, 6, 0, 10, 0, 0, 0, 0, 0, 0, 0, 0, 0, 0, 0, 0, 0, 0, 0, 0, 0, 0, 0, 0, 0, 0, 10, 10, 10, 10, 10, 0, 0, 10, 10, 10, 6, 10, 10, 0, 0, 0, 0, 0, 0, 6, 6, 2, 2, 5, 6, 0, 6, 0, 2, 2, 2, 0, 2, 6, 0,
            0, 0, 6, 6, 0, 2, 6, 5, 2, 2, 6, 10, 0, 0, 0, 0, 0, 0, 0, 0, 0, 0, 0, 0, 10, 10, 10, 0, 0, 0, 0, 0, 0, 0, 0, 10, 0, 10, 0, 10, 0, 0, 0, 0, 0, 10, 10, 0, 0, 0, 0, 0, 0, 6, 6, 2, 2, 0, 0, 6, 5, 5, 2, 2, 2, 0, 0, 6, 0, 0,
            2, 0, 6, 6, 0, 0, 5, 5, 2, 2, 6, 10, 0, 10, 0, 0, 0, 0, 0, 0, 0, 0, 10, 10, 10, 10, 10, 0, 10, 0, 0, 0, 0, 0, 0, 0, 0, 0, 0, 0, 0, 0, 0, 0, 0, 0, 0, 0, 0, 0, 0, 0, 0, 6, 0, 2, 0, 5, 5, 6, 5, 5, 2, 0, 2, 0, 0, 6, 0, 0,
            2, 5, 5, 6, 0, 6, 2, 2, 6, 2, 2, 10, 0, 10, 0, 0, 0, 0, 0, 0, 10, 10, 10, 6, 6, 6, 6, 2, 10, 10, 0, 0, 0, 0, 0, 0, 0, 0, 0, 0, 0, 0, 0, 0, 0, 0, 0, 0, 0, 0, 0, 0, 6, 6, 0, 2, 5, 0, 5, 5, 5, 5, 2, 0, 5, 5, 5, 6, 2, 0,
            5, 5, 6, 2, 0, 6, 2, 5, 6, 2, 2, 10, 10, 10, 0, 0, 0, 0, 0, 0, 0, 6, 6, 0, 0, 2, 5, 5, 6, 10, 0, 0, 0, 0, 0, 0, 0, 0, 10, 10, 0, 10, 10, 0, 0, 0, 0, 0, 0, 0, 6, 6, 0, 0, 2, 2, 2, 2, 5, 5, 5, 2, 6, 0, 2, 6, 6, 6, 2, 0,
            5, 2, 2, 2, 0, 6, 6, 5, 6, 6, 2, 6, 10, 10, 10, 0, 0, 0, 10, 10, 10, 6, 2, 2, 2, 2, 0, 5, 6, 10, 0, 0, 0, 0, 0, 0, 10, 10, 6, 6, 6, 6, 0, 10, 0, 0, 0, 0, 0, 6, 10, 0, 5, 5, 2, 0, 2, 6, 0, 0, 2, 0, 6, 0, 2, 6, 6, 6, 2, 0,
            5, 6, 2, 2, 0, 6, 6, 6, 6, 6, 6, 6, 6, 10, 10, 0, 10, 10, 10, 0, 6, 2, 6, 6, 6, 6, 0, 5, 6, 10, 0, 0, 0, 0, 0, 0, 10, 6, 2, 2, 0, 6, 6, 10, 10, 10, 0, 6, 6, 2, 2, 5, 5, 0, 0, 6, 2, 0, 0, 2, 2, 0, 6, 2, 2, 0, 6, 6, 2, 0,
            5, 2, 2, 0, 6, 6, 6, 6, 6, 0, 6, 6, 6, 6, 10, 6, 6, 6, 2, 2, 2, 6, 6, 6, 6, 6, 0, 5, 6, 2, 0, 0, 0, 0, 0, 0, 10, 6, 2, 2, 2, 2, 0, 6, 6, 6, 6, 2, 0, 2, 0, 0, 5, 5, 6, 6, 2, 2, 2, 2, 2, 2, 2, 6, 2, 0, 6, 0, 6, 2,
            5, 5, 2, 0, 6, 2, 2, 6, 6, 6, 0, 6, 2, 2, 10, 6, 0, 2, 2, 0, 2, 6, 5, 6, 5, 5, 6, 6, 5, 6, 0, 0, 0, 0, 5, 5, 6, 6, 2, 5, 2, 2, 2, 2, 2, 2, 2, 2, 2, 2, 0, 0, 6, 5, 0, 0, 6, 2, 2, 2, 2, 2, 6, 6, 2, 2, 6, 0, 6, 2,
            0, 5, 5, 0, 6, 6, 2, 2, 6, 6, 6, 6, 6, 2, 2, 2, 2, 2, 0, 0, 6, 6, 5, 6, 6, 0, 0, 6, 5, 5, 5, 5, 5, 5, 6, 5, 5, 6, 2, 5, 5, 5, 5, 5, 2, 2, 0, 0, 5, 5, 0, 6, 6, 5, 0, 6, 0, 2, 5, 2, 6, 6, 6, 6, 2, 6, 0, 0, 6, 0,
            0, 2, 5, 0, 6, 6, 0, 2, 2, 6, 6, 5, 6, 6, 6, 0, 0, 6, 6, 6, 6, 5, 0, 0, 6, 0, 0, 6, 6, 6, 6, 6, 0, 0, 0, 0, 6, 6, 0, 0, 5, 5, 5, 5, 5, 5, 5, 5, 5, 0, 0, 6, 0, 0, 6, 6, 0, 0, 0, 0, 0, 6, 0, 6, 0, 6, 0, 0, 6, 0,
            2, 2, 5, 6, 6, 6, 6, 0, 2, 6, 6, 5, 5, 6, 6, 6, 6, 6, 6, 6, 5, 0, 0, 0, 6, 0, 0, 2, 2, 0, 0, 6, 6, 6, 6, 6, 6, 0, 6, 6, 6, 0, 5, 6, 6, 6, 6, 6, 6, 6, 6, 6, 2, 2, 2, 2, 0, 6, 0, 0, 2, 6, 5, 5, 6, 6, 2, 2, 2, 2,
            2, 6, 6, 6, 0, 5, 2, 2, 2, 0, 6, 6, 5, 5, 6, 5, 5, 5, 5, 6, 5, 5, 2, 5, 5, 2, 2, 2, 2, 2, 6, 6, 0, 0, 0, 0, 6, 0, 6, 6, 6, 6, 6, 6, 0, 0, 0, 6, 6, 6, 6, 2, 2, 6, 0, 2, 2, 0, 6, 6, 2, 5, 5, 6, 6, 2, 2, 6, 6, 0,
            0, 6, 6, 0, 0, 5, 5, 5, 2, 2, 2, 6, 6, 6, 6, 2, 2, 2, 2, 6, 5, 5, 5, 5, 5, 5, 0, 0, 2, 2, 2, 2, 6, 6, 6, 6, 6, 6, 2, 2, 2, 2, 2, 2, 2, 2, 2, 2, 6, 6, 6, 6, 6, 0, 0, 0, 2, 2, 6, 2, 0, 5, 6, 0, 2, 2, 6, 6, 6, 0,
            6, 6, 2, 6, 6, 6, 0, 5, 6, 6, 6, 6, 6, 2, 2, 2, 2, 2, 6, 6, 2, 5, 5, 2, 2, 5, 5, 5, 5, 5, 5, 2, 2, 2, 2, 5, 2, 2, 2, 6, 2, 2, 6, 2, 2, 2, 2, 6, 6, 6, 6, 6, 6, 6, 6, 5, 5, 2, 2, 2, 5, 5, 0, 2, 2, 0, 2, 2, 6, 0,
            6, 2, 6, 6, 6, 6, 6, 6, 6, 6, 6, 6, 6, 6, 6, 6, 0, 0, 6, 6, 2, 2, 6, 2, 0, 0, 5, 5, 2, 5, 0, 5, 5, 5, 5, 5, 5, 5, 5, 5, 5, 5, 6, 6, 0, 0, 6, 6, 2, 0, 0, 0, 0, 0, 5, 5, 0, 0, 0, 0, 5, 0, 2, 2, 0, 2, 2, 0, 6, 0,
            0, 2, 0, 5, 6, 5, 2, 2, 2, 5, 5, 0, 0, 5, 0, 6, 6, 6, 6, 5, 5, 5, 6, 6, 6, 6, 6, 6, 6, 5, 5, 2, 6, 6, 5, 2, 6, 2, 2, 2, 2, 6, 6, 6, 6, 0, 6, 0, 2, 5, 2, 2, 6, 6, 2, 2, 5, 5, 5, 2, 2, 2, 2, 6, 2, 6, 6, 0, 6, 6,
            2, 2, 2, 2, 6, 0, 0, 0, 0, 2, 5, 5, 5, 5, 2, 2, 6, 6, 6, 6, 6, 6, 6, 0, 2, 2, 2, 2, 6, 6, 6, 6, 6, 6, 6, 6, 6, 6, 0, 0, 2, 2, 2, 6, 6, 6, 6, 6, 2, 5, 5, 5, 6, 6, 2, 2, 2, 2, 5, 5, 2, 0, 0, 0, 6, 6, 0, 0, 0, 6],
         "height":50,
         "id":2,
         "name":"Obstacles",
         "opacity":1,
         "type":"tilelayer",
         "visible":true,
         "width":70,
         "x":0,
         "y":0
        }, 
        {
         "draworder":"topdown",
         "id":3,
         "name":"SpawnPoints",
         "objects":[
                {
                 "height":18.3333,
                 "id":1,
                 "name":"SpawnPlayer",
                 "rotation":0,
                 "type":"",
                 "visible":true,
                 "width":20,
                 "x":1028.697,
                 "y":1258.58
                }],
         "opacity":1,
         "type":"objectgroup",
         "visible":true,
         "x":0,
         "y":0
        }, 
        {
         "draworder":"topdown",
         "id":4,
         "name":"Items",
         "objects":[
                {
                 "gid":3,
                 "height":32,
                 "id":176,
                 "name":"Mushroom",
                 "rotation":0,
                 "type":"",
                 "visible":true,
                 "width":32,
                 "x":512.431,
                 "y":351.973
                }, 
                {
                 "gid":3,
                 "height":32,
                 "id":241,
                 "name":"Mushroom",
                 "rotation":0,
                 "type":"",
                 "visible":true,
                 "width":32,
                 "x":609.431,
                 "y":639.973
                }, 
                {
                 "gid":3,
                 "height":32,
                 "id":242,
                 "name":"Mushroom",
                 "rotation":0,
                 "type":"",
                 "visible":true,
                 "width":32,
                 "x":414.931,
                 "y":703.473
                }, 
                {
                 "gid":3,
                 "height":32,
                 "id":243,
                 "name":"Mushroom",
                 "rotation":0,
                 "type":"",
                 "visible":true,
                 "width":32,
                 "x":544.431,
                 "y":863.473
                }, 
                {
                 "gid":3,
                 "height":32,
                 "id":244,
                 "name":"Mushroom",
                 "rotation":0,
                 "type":"",
                 "visible":true,
                 "width":32,
                 "x":383.931,
                 "y":1088.973
                }, 
                {
                 "gid":3,
                 "height":32,
                 "id":245,
                 "name":"Mushroom",
                 "rotation":0,
                 "type":"",
                 "visible":true,
                 "width":32,
                 "x":480.931,
                 "y":1247.973
                }, 
                {
                 "gid":3,
                 "height":32,
                 "id":246,
                 "name":"Mushroom",
                 "rotation":0,
                 "type":"",
                 "visible":true,
                 "width":32,
                 "x":641.431,
                 "y":1184.973
                }, 
                {
                 "gid":3,
                 "height":32,
                 "id":247,
                 "name":"Mushroom",
                 "rotation":0,
                 "type":"",
                 "visible":true,
                 "width":32,
                 "x":674.431,
                 "y":1119.973
                }, 
                {
                 "gid":3,
                 "height":32,
                 "id":248,
                 "name":"Mushroom",
                 "rotation":0,
                 "type":"",
                 "visible":true,
                 "width":32,
                 "x":767.931,
                 "y":992.473
                }, 
                {
                 "gid":3,
                 "height":32,
                 "id":249,
                 "name":"Mushroom",
                 "rotation":0,
                 "type":"",
                 "visible":true,
                 "width":32,
                 "x":834.431,
                 "y":958.973
                }, 
                {
                 "gid":3,
                 "height":32,
                 "id":253,
                 "name":"Mushroom",
                 "rotation":0,
                 "type":"",
                 "visible":true,
                 "width":32,
                 "x":928.931,
                 "y":895.973
                }, 
                {
                 "gid":3,
                 "height":32,
                 "id":254,
                 "name":"Mushroom",
                 "rotation":0,
                 "type":"",
                 "visible":true,
                 "width":32,
                 "x":1214.431,
                 "y":832.473
                }, 
                {
                 "gid":3,
                 "height":32,
                 "id":255,
                 "name":"Mushroom",
                 "rotation":0,
                 "type":"",
                 "visible":true,
                 "width":32,
                 "x":1023.431,
                 "y":735.973
                }, 
                {
                 "gid":3,
                 "height":32,
                 "id":256,
                 "name":"Mushroom",
                 "rotation":0,
                 "type":"",
                 "visible":true,
                 "width":32,
                 "x":1058.431,
                 "y":638.473
                }, 
                {
                 "gid":3,
                 "height":32,
                 "id":257,
                 "name":"Mushroom",
                 "rotation":0,
                 "type":"",
                 "visible":true,
                 "width":32,
                 "x":1183.431,
                 "y":446.973
                }, 
                {
                 "gid":3,
                 "height":32,
                 "id":258,
                 "name":"Mushroom",
                 "rotation":0,
                 "type":"",
                 "visible":true,
                 "width":32,
                 "x":1471.931,
                 "y":542.473
                }, 
                {
                 "gid":3,
                 "height":32,
                 "id":259,
                 "name":"Mushroom",
                 "rotation":0,
                 "type":"",
                 "visible":true,
                 "width":32,
                 "x":1437.431,
                 "y":447.973
                }, 
                {
                 "gid":3,
                 "height":32,
                 "id":260,
                 "name":"Mushroom",
                 "rotation":0,
                 "type":"",
                 "visible":true,
                 "width":32,
                 "x":1376.931,
                 "y":607.473
                }, 
                {
                 "gid":3,
                 "height":32,
                 "id":262,
                 "name":"Mushroom",
                 "rotation":0,
                 "type":"",
                 "visible":true,
                 "width":32,
                 "x":1313.431,
                 "y":1056.473
                }, 
                {
                 "gid":3,
                 "height":32,
                 "id":263,
                 "name":"Mushroom",
                 "rotation":0,
                 "type":"",
                 "visible":true,
                 "width":32,
                 "x":1532.431,
                 "y":1053.973
                }, 
                {
                 "gid":3,
                 "height":32,
                 "id":265,
                 "name":"Mushroom",
                 "rotation":0,
                 "type":"",
                 "visible":true,
                 "width":32,
                 "x":1728.931,
                 "y":1023.973
                }, 
                {
                 "gid":3,
                 "height":32,
                 "id":266,
                 "name":"Mushroom",
                 "rotation":0,
                 "type":"",
                 "visible":true,
                 "width":32,
                 "x":1630.931,
                 "y":894.473
                }, 
                {
                 "gid":3,
                 "height":32,
                 "id":267,
                 "name":"Mushroom",
                 "rotation":0,
                 "type":"",
                 "visible":true,
                 "width":32,
                 "x":1694.431,
                 "y":800.473
                }, 
                {
                 "gid":3,
                 "height":32,
                 "id":268,
                 "name":"Mushroom",
                 "rotation":0,
                 "type":"",
                 "visible":true,
                 "width":32,
                 "x":1826.431,
                 "y":703.973
                }, 
                {
                 "gid":3,
                 "height":32,
                 "id":269,
                 "name":"Mushroom",
                 "rotation":0,
                 "type":"",
                 "visible":true,
                 "width":32,
                 "x":1756.931,
                 "y":671.473
                }, 
                {
                 "gid":3,
                 "height":32,
                 "id":264,
                 "name":"Mushroom",
                 "rotation":0,
                 "type":"",
                 "visible":true,
                 "width":32,
                 "x":1472.431,
                 "y":1245.473
                }, 
                {
                 "gid":3,
                 "height":32,
                 "id":261,
                 "name":"Mushroom",
                 "rotation":0,
                 "type":"",
                 "visible":true,
                 "width":32,
                 "x":1088.431,
                 "y":511.473
                }, 
                {
                 "gid":3,
                 "height":32,
                 "id":250,
                 "name":"Mushroom",
                 "rotation":0,
                 "type":"",
                 "visible":true,
                 "width":32,
                 "x":960.931,
                 "y":1184.473
                }, 
                {
                 "gid":3,
                 "height":32,
                 "id":251,
                 "name":"Mushroom",
                 "rotation":0,
                 "type":"",
                 "visible":true,
                 "width":32,
                 "x":1153.431,
                 "y":1184.473
                }, 
                {
                 "gid":3,
                 "height":32,
                 "id":252,
                 "name":"Mushroom",
                 "rotation":0,
                 "type":"",
                 "visible":true,
                 "width":32,
                 "x":1215.431,
                 "y":1087.473
                }, 
                {
                 "gid":3,
                 "height":32,
                 "id":240,
                 "name":"Mushroom",
                 "rotation":0,
                 "type":"",
                 "visible":true,
                 "width":32,
                 "x":351.931,
                 "y":415.973
                }, 
                {
                 "gid":9,
                 "height":32,
                 "id":197,
                 "name":"FlowerWhite",
                 "rotation":0,
                 "type":"",
                 "visible":true,
                 "width":32,
                 "x":384.497,
                 "y":511.362
                }, 
                {
                 "gid":9,
                 "height":32,
                 "id":289,
                 "name":"FlowerWhite",
                 "rotation":0,
                 "type":"",
                 "visible":true,
                 "width":32,
                 "x":384.997,
                 "y":415.362
                }, 
                {
                 "gid":9,
                 "height":32,
                 "id":290,
                 "name":"FlowerWhite",
                 "rotation":0,
                 "type":"",
                 "visible":true,
                 "width":32,
                 "x":705.997,
                 "y":512.862
                }, 
                {
                 "gid":9,
                 "height":32,
                 "id":291,
                 "name":"FlowerWhite",
                 "rotation":0,
                 "type":"",
                 "visible":true,
                 "width":32,
                 "x":544.497,
                 "y":799.362
                }, 
                {
                 "gid":9,
                 "height":32,
                 "id":292,
                 "name":"FlowerWhite",
                 "rotation":0,
                 "type":"",
                 "visible":true,
                 "width":32,
                 "x":447.997,
                 "y":1024.362
                }, 
                {
                 "gid":9,
                 "height":32,
                 "id":293,
                 "name":"FlowerWhite",
                 "rotation":0,
                 "type":"",
                 "visible":true,
                 "width":32,
                 "x":541.497,
                 "y":1217.862
                }, 
                {
                 "gid":9,
                 "height":32,
                 "id":294,
                 "name":"FlowerWhite",
                 "rotation":0,
                 "type":"",
                 "visible":true,
                 "width":32,
                 "x":833.997,
                 "y":991.862
                }, 
                {
                 "gid":9,
                 "height":32,
                 "id":301,
                 "name":"FlowerWhite",
                 "rotation":0,
                 "type":"",
                 "visible":true,
                 "width":32,
                 "x":992.497,
                 "y":863.862
                }, 
                {
                 "gid":9,
                 "height":32,
                 "id":303,
                 "name":"FlowerWhite",
                 "rotation":0,
                 "type":"",
                 "visible":true,
                 "width":32,
                 "x":1247.497,
                 "y":897.862
                }, 
                {
                 "gid":9,
                 "height":32,
                 "id":305,
                 "name":"FlowerWhite",
                 "rotation":0,
                 "type":"",
                 "visible":true,
                 "width":32,
                 "x":1086.997,
                 "y":607.862
                }, 
                {
                 "gid":9,
                 "height":32,
                 "id":307,
                 "name":"FlowerWhite",
                 "rotation":0,
                 "type":"",
                 "visible":true,
                 "width":32,
                 "x":1119.997,
                 "y":479.862
                }, 
                {
                 "gid":9,
                 "height":32,
                 "id":308,
                 "name":"FlowerWhite",
                 "rotation":0,
                 "type":"",
                 "visible":true,
                 "width":32,
                 "x":1345.497,
                 "y":671.362
                }, 
                {
                 "gid":9,
                 "height":32,
                 "id":309,
                 "name":"FlowerWhite",
                 "rotation":0,
                 "type":"",
                 "visible":true,
                 "width":32,
                 "x":1504.997,
                 "y":543.862
                }, 
                {
                 "gid":9,
                 "height":32,
                 "id":310,
                 "name":"FlowerWhite",
                 "rotation":0,
                 "type":"",
                 "visible":true,
                 "width":32,
                 "x":1246.997,
                 "y":448.862
                }, 
                {
                 "gid":9,
                 "height":32,
                 "id":311,
                 "name":"FlowerWhite",
                 "rotation":0,
                 "type":"",
                 "visible":true,
                 "width":32,
                 "x":1472.497,
                 "y":477.862
                }, 
                {
                 "gid":9,
                 "height":32,
                 "id":306,
                 "name":"FlowerWhite",
                 "rotation":0,
                 "type":"",
                 "visible":true,
                 "width":32,
                 "x":1054.997,
                 "y":769.362
                }, 
                {
                 "gid":9,
                 "height":32,
                 "id":304,
                 "name":"FlowerWhite",
                 "rotation":0,
                 "type":"",
                 "visible":true,
                 "width":32,
                 "x":1217.497,
                 "y":990.862
                }, 
                {
                 "gid":9,
                 "height":32,
                 "id":302,
                 "name":"FlowerWhite",
                 "rotation":0,
                 "type":"",
                 "visible":true,
                 "width":32,
                 "x":930.997,
                 "y":959.862
                }, 
                {
                 "gid":9,
                 "height":32,
                 "id":297,
                 "name":"FlowerWhite",
                 "rotation":0,
                 "type":"",
                 "visible":true,
                 "width":32,
                 "x":926.997,
                 "y":1120.362
                }, 
                {
                 "gid":9,
                 "height":32,
                 "id":300,
                 "name":"FlowerWhite",
                 "rotation":0,
                 "type":"",
                 "visible":true,
                 "width":32,
                 "x":1247.997,
                 "y":1152.362
                }, 
                {
                 "gid":9,
                 "height":32,
                 "id":312,
                 "name":"FlowerWhite",
                 "rotation":0,
                 "type":"",
                 "visible":true,
                 "width":32,
                 "x":1504.497,
                 "y":1088.862
                }, 
                {
                 "gid":9,
                 "height":32,
                 "id":313,
                 "name":"FlowerWhite",
                 "rotation":0,
                 "type":"",
                 "visible":true,
                 "width":32,
                 "x":1535.497,
                 "y":1216.862
                }, 
                {
                 "gid":9,
                 "height":32,
                 "id":314,
                 "name":"FlowerWhite",
                 "rotation":0,
                 "type":"",
                 "visible":true,
                 "width":32,
                 "x":1635.497,
                 "y":1153.362
                }, 
                {
                 "gid":9,
                 "height":32,
                 "id":315,
                 "name":"FlowerWhite",
                 "rotation":0,
                 "type":"",
                 "visible":true,
                 "width":32,
                 "x":1634.997,
                 "y":926.362
                }, 
                {
                 "gid":9,
                 "height":32,
                 "id":316,
                 "name":"FlowerWhite",
                 "rotation":0,
                 "type":"",
                 "visible":true,
                 "width":32,
                 "x":1759.497,
                 "y":959.362
                }, 
                {
                 "gid":9,
                 "height":32,
                 "id":317,
                 "name":"FlowerWhite",
                 "rotation":0,
                 "type":"",
                 "visible":true,
                 "width":32,
                 "x":1728.497,
                 "y":735.362
                }, 
                {
                 "gid":9,
                 "height":32,
                 "id":318,
                 "name":"FlowerWhite",
                 "rotation":0,
                 "type":"",
                 "visible":true,
                 "width":32,
                 "x":1826.497,
                 "y":801.862
                }, 
                {
                 "gid":9,
                 "height":32,
                 "id":299,
                 "name":"FlowerWhite",
                 "rotation":0,
                 "type":"",
                 "visible":true,
                 "width":32,
                 "x":1116.497,
                 "y":1278.862
                }, 
                {
                 "gid":9,
                 "height":32,
                 "id":298,
                 "name":"FlowerWhite",
                 "rotation":0,
                 "type":"",
                 "visible":true,
                 "width":32,
                 "x":955.997,
                 "y":1248.862
                }, 
                {
                 "gid":9,
                 "height":32,
                 "id":295,
                 "name":"FlowerWhite",
                 "rotation":0,
                 "type":"",
                 "visible":true,
                 "width":32,
                 "x":669.497,
                 "y":1023.862
                }, 
                {
                 "gid":9,
                 "height":32,
                 "id":296,
                 "name":"FlowerWhite",
                 "rotation":0,
                 "type":"",
                 "visible":true,
                 "width":32,
                 "x":481.497,
                 "y":1184.362
                }, 
                {
                 "gid":12,
                 "height":32,
                 "id":130,
                 "name":"FlowerPurple",
                 "rotation":0,
                 "type":"",
                 "visible":true,
                 "width":32,
                 "x":415.5,
                 "y":579.333
                }, 
                {
                 "gid":12,
                 "height":32,
                 "id":320,
                 "name":"FlowerPurple",
                 "rotation":0,
                 "type":"",
                 "visible":true,
                 "width":32,
                 "x":640,
                 "y":576.833
                }, 
                {
                 "gid":12,
                 "height":32,
                 "id":322,
                 "name":"FlowerPurple",
                 "rotation":0,
                 "type":"",
                 "visible":true,
                 "width":32,
                 "x":447.5,
                 "y":737.333
                }, 
                {
                 "gid":12,
                 "height":32,
                 "id":323,
                 "name":"FlowerPurple",
                 "rotation":0,
                 "type":"",
                 "visible":true,
                 "width":32,
                 "x":515.5,
                 "y":927.833
                }, 
                {
                 "gid":12,
                 "height":32,
                 "id":324,
                 "name":"FlowerPurple",
                 "rotation":0,
                 "type":"",
                 "visible":true,
                 "width":32,
                 "x":451,
                 "y":1122.333
                }, 
                {
                 "gid":12,
                 "height":32,
                 "id":325,
                 "name":"FlowerPurple",
                 "rotation":0,
                 "type":"",
                 "visible":true,
                 "width":32,
                 "x":576.5,
                 "y":1055.833
                }, 
                {
                 "gid":12,
                 "height":32,
                 "id":326,
                 "name":"FlowerPurple",
                 "rotation":0,
                 "type":"",
                 "visible":true,
                 "width":32,
                 "x":609,
                 "y":1152.333
                }, 
                {
                 "gid":12,
                 "height":32,
                 "id":327,
                 "name":"FlowerPurple",
                 "rotation":0,
                 "type":"",
                 "visible":true,
                 "width":32,
                 "x":737,
                 "y":1023.833
                },
            
                {
                 "gid":12,
                 "height":32,
                 "id":328,
                 "name":"FlowerPurple",
                 "rotation":0,
                 "type":"",
                 "visible":true,
                 "width":32,
                 "x":996,
                 "y":1185.833
                }, 
                {
                 "gid":12,
                 "height":32,
                 "id":330,
                 "name":"FlowerPurple",
                 "rotation":0,
                 "type":"",
                 "visible":true,
                 "width":32,
                 "x":993,
                 "y":896.833
                }, 
                {
                 "gid":12,
                 "height":32,
                 "id":331,
                 "name":"FlowerPurple",
                 "rotation":0,
                 "type":"",
                 "visible":true,
                 "width":32,
                 "x":1086.5,
                 "y":1057.333
                }, 
                {
                 "gid":12,
                 "height":32,
                 "id":333,
                 "name":"FlowerPurple",
                 "rotation":0,
                 "type":"",
                 "visible":true,
                 "width":32,
                 "x":1185,
                 "y":862.833
                }, 
                {
                 "gid":12,
                 "height":32,
                 "id":334,
                 "name":"FlowerPurple",
                 "rotation":0,
                 "type":"",
                 "visible":true,
                 "width":32,
                 "x":1150,
                 "y":671.333
                }, 
                {
                 "gid":12,
                 "height":32,
                 "id":335,
                 "name":"FlowerPurple",
                 "rotation":0,
                 "type":"",
                 "visible":true,
                 "width":32,
                 "x":1282,
                 "y":639.833
                }, 
                {
                 "gid":12,
                 "height":32,
                 "id":336,
                 "name":"FlowerPurple",
                 "rotation":0,
                 "type":"",
                 "visible":true,
                 "width":32,
                 "x":1152,
                 "y":543.833
                }, 
                {
                 "gid":12,
                 "height":32,
                 "id":337,
                 "name":"FlowerPurple",
                 "rotation":0,
                 "type":"",
                 "visible":true,
                 "width":32,
                 "x":1410.5,
                 "y":513.333
                }, 
                {
                 "gid":12,
                 "height":32,
                 "id":338,
                 "name":"FlowerPurple",
                 "rotation":0,
                 "type":"",
                 "visible":true,
                 "width":32,
                 "x":1312.5,
                 "y":448.333
                }, 
                {
                 "gid":12,
                 "height":32,
                 "id":332,
                 "name":"FlowerPurple",
                 "rotation":0,
                 "type":"",
                 "visible":true,
                 "width":32,
                 "x":927.5,
                 "y":1023.833
                }, 
                {
                 "gid":12,
                 "height":32,
                 "id":329,
                 "name":"FlowerPurple",
                 "rotation":0,
                 "type":"",
                 "visible":true,
                 "width":32,
                 "x":1058.5,
                 "y":1312.833
                }, 
                {
                 "gid":12,
                 "height":32,
                 "id":339,
                 "name":"FlowerPurple",
                 "rotation":0,
                 "type":"",
                 "visible":true,
                 "width":32,
                 "x":1410,
                 "y":1088.833
                }, 
                {
                 "gid":12,
                 "height":32,
                 "id":340,
                 "name":"FlowerPurple",
                 "rotation":0,
                 "type":"",
                 "visible":true,
                 "width":32,
                 "x":1408,
                 "y":1217.333
                }, 
                {
                 "gid":12,
                 "height":32,
                 "id":341,
                 "name":"FlowerPurple",
                 "rotation":0,
                 "type":"",
                 "visible":true,
                 "width":32,
                 "x":1600.5,
                 "y":1152.333
                }, 
                {
                 "gid":12,
                 "height":32,
                 "id":342,
                 "name":"FlowerPurple",
                 "rotation":0,
                 "type":"",
                 "visible":true,
                 "width":32,
                 "x":1600,
                 "y":928.333
                }, 
                {
                 "gid":12,
                 "height":32,
                 "id":343,
                 "name":"FlowerPurple",
                 "rotation":0,
                 "type":"",
                 "visible":true,
                 "width":32,
                 "x":1826,
                 "y":863.833
                }, 
                {
                 "gid":12,
                 "height":32,
                 "id":345,
                 "name":"FlowerPurple",
                 "rotation":0,
                 "type":"",
                 "visible":true,
                 "width":32,
                 "x":1694,
                 "y":862.833
                }, 
                {
                 "gid":12,
                 "height":32,
                 "id":344,
                 "name":"FlowerPurple",
                 "rotation":0,
                 "type":"",
                 "visible":true,
                 "width":32,
                 "x":1824,
                 "y":767.333
                }, 
                {
                 "gid":12,
                 "height":32,
                 "id":321,
                 "name":"FlowerPurple",
                 "rotation":0,
                 "type":"",
                 "visible":true,
                 "width":32,
                 "x":673,
                 "y":414.833
                }, 
                {
                 "gid":12,
                 "height":32,
                 "id":319,
                 "name":"FlowerPurple",
                 "rotation":0,
                 "type":"",
                 "visible":true,
                 "width":32,
                 "x":543.5,
                 "y":384.333
                }, 
                {
                 "gid":11,
                 "height":32,
                 "id":60,
                 "name":"Sunflower",
                 "rotation":0,
                 "type":"",
                 "visible":true,
                 "width":32,
                 "x":641.334,
                 "y":384.667
                }, 
                {
                 "gid":11,
                 "height":32,
                 "id":348,
                 "name":"Sunflower",
                 "rotation":0,
                 "type":"",
                 "visible":true,
                 "width":32,
                 "x":1087.834,
                 "y":1119.667
                }, 
                {
                 "gid":11,
                 "height":32,
                 "id":349,
                 "name":"Sunflower",
                 "rotation":0,
                 "type":"",
                 "visible":true,
                 "width":32,
                 "x":1730.834,
                 "y":798.167
                }, 
                {
                 "gid":11,
                 "height":32,
                 "id":350,
                 "name":"Sunflower",
                 "rotation":0,
                 "type":"",
                 "visible":true,
                 "width":32,
                 "x":1091.834,
                 "y":736.667
                }, 
                {
                 "gid":11,
                 "height":32,
                 "id":239,
                 "name":"Sunflower",
                 "rotation":0,
                 "type":"",
                 "visible":true,
                 "width":32,
                 "x":609.334,
                 "y":1024.667
                }, 
                {
                 "gid":4,
                 "height":32,
                 "id":70,
                 "name":"Flower",
                 "rotation":0,
                 "type":"",
                 "visible":true,
                 "width":32,
                 "x":446.167,
                 "y":357.833
                }, 
                {
                 "gid":4,
                 "height":32,
                 "id":270,
                 "name":"Flower",
                 "rotation":0,
                 "type":"",
                 "visible":true,
                 "width":32,
                 "x":380.167,
                 "y":611.333
                }, 
                {
                 "gid":4,
                 "height":32,
                 "id":271,
                 "name":"Flower",
                 "rotation":0,
                 "type":"",
                 "visible":true,
                 "width":32,
                 "x":671.667,
                 "y":548.333
                }, 
                {
                 "gid":4,
                 "height":32,
                 "id":273,
                 "name":"Flower",
                 "rotation":0,
                 "type":"",
                 "visible":true,
                 "width":32,
                 "x":444.167,
                 "y":803.333
                }, 
                {
                 "gid":4,
                 "height":32,
                 "id":274,
                 "name":"Flower",
                 "rotation":0,
                 "type":"",
                 "visible":true,
                 "width":32,
                 "x":408.667,
                 "y":1027.333
                }, 
                {
                 "gid":4,
                 "height":32,
                 "id":275,
                 "name":"Flower",
                 "rotation":0,
                 "type":"",
                 "visible":true,
                 "width":32,
                 "x":443.167,
                 "y":1187.333
                }, 
                {
                 "gid":4,
                 "height":32,
                 "id":276,
                 "name":"Flower",
                 "rotation":0,
                 "type":"",
                 "visible":true,
                 "width":32,
                 "x":636.167,
                 "y":1028.333
                }, 
                {
                 "gid":4,
                 "height":32,
                 "id":277,
                 "name":"Flower",
                 "rotation":0,
                 "type":"",
                 "visible":true,
                 "width":32,
                 "x":862.167,
                 "y":1124.833
                }, 
                {
                 "gid":4,
                 "height":32,
                 "id":278,
                 "name":"Flower",
                 "rotation":0,
                 "type":"",
                 "visible":true,
                 "width":32,
                 "x":891.667,
                 "y":929.833
                }, 
                {
                 "gid":4,
                 "height":32,
                 "id":279,
                 "name":"Flower",
                 "rotation":0,
                 "type":"",
                 "visible":true,
                 "width":32,
                 "x":1182.667,
                 "y":1027.833
                }, 
                {
                 "gid":4,
                 "height":32,
                 "id":286,
                 "name":"Flower",
                 "rotation":0,
                 "type":"",
                 "visible":true,
                 "width":32,
                 "x":1019.167,
                 "y":674.333
                }, 
                {
                 "gid":4,
                 "height":32,
                 "id":287,
                 "name":"Flower",
                 "rotation":0,
                 "type":"",
                 "visible":true,
                 "width":32,
                 "x":1053.667,
                 "y":546.333
                }, 
                {
                 "gid":4,
                 "height":32,
                 "id":288,
                 "name":"Flower",
                 "rotation":0,
                 "type":"",
                 "visible":true,
                 "width":32,
                 "x":1470.167,
                 "y":451.333
                }, 
                {
                 "gid":4,
                 "height":32,
                 "id":280,
                 "name":"Flower",
                 "rotation":0,
                 "type":"",
                 "visible":true,
                 "width":32,
                 "x":956.167,
                 "y":1315.833
                }, 
                {
                 "gid":4,
                 "height":32,
                 "id":281,
                 "name":"Flower",
                 "rotation":0,
                 "type":"",
                 "visible":true,
                 "width":32,
                 "x":1276.167,
                 "y":1059.833
                }, 
                {
                 "gid":4,
                 "height":32,
                 "id":282,
                 "name":"Flower",
                 "rotation":0,
                 "type":"",
                 "visible":true,
                 "width":32,
                 "x":1275.667,
                 "y":1185.833
                }, 
                {
                 "gid":4,
                 "height":32,
                 "id":283,
                 "name":"Flower",
                 "rotation":0,
                 "type":"",
                 "visible":true,
                 "width":32,
                 "x":1664.667,
                 "y":1122.833
                }, 
                {
                 "gid":4,
                 "height":32,
                 "id":284,
                 "name":"Flower",
                 "rotation":0,
                 "type":"",
                 "visible":true,
                 "width":32,
                 "x":1563.167,
                 "y":963.333
                }, 
                {
                 "gid":4,
                 "height":32,
                 "id":285,
                 "name":"Flower",
                 "rotation":0,
                 "type":"",
                 "visible":true,
                 "width":32,
                 "x":1790.667,
                 "y":643.333
                }, 
                {
                 "gid":4,
                 "height":32,
                 "id":272,
                 "name":"Flower",
                 "rotation":0,
                 "type":"",
                 "visible":true,
                 "width":32,
                 "x":702.167,
                 "y":450.833
                }],
         "opacity":1,
         "type":"objectgroup",
         "visible":true,
         "x":0,
         "y":0
        }, 
        {
         "draworder":"topdown",
         "id":5,
         "name":"Doors",
         "objects":[
                {
                 "gid":7,
                 "height":32,
                 "id":2,
                 "name":"Cave",
                 "properties":[
                        {
                         "name":"goToWorld",
                         "type":"string",
                         "value":"level-01"
                        }],
                 "rotation":0,
                 "type":"",
                 "visible":true,
                 "width":32,
                 "x":1344.13,
                 "y":415.792
                }],
         "opacity":1,
         "type":"objectgroup",
         "visible":true,
         "x":0,
         "y":0
        }],
 "nextlayerid":6,
 "nextobjectid":351,
 "orientation":"orthogonal",
 "renderorder":"right-down",
 "tiledversion":"1.11.2",
 "tileheight":32,
 "tilesets":[
        {
         "columns":4,
         "firstgid":1,
         "image":"..\/tileset.png",
         "imageheight":102,
         "imagewidth":136,
         "margin":1,
         "name":"tileset",
         "spacing":2,
         "tilecount":12,
         "tileheight":32,
         "tiles":[
                {
                 "id":1,
                 "properties":[
                        {
                         "name":"collides",
                         "type":"bool",
                         "value":true
                        }]
                }, 
                {
                 "id":4,
                 "properties":[
                        {
                         "name":"collides",
                         "type":"bool",
                         "value":true
                        }]
                }, 
                {
                 "id":5,
                 "properties":[
                        {
                         "name":"collides",
                         "type":"bool",
                         "value":true
                        }]
                }, 
                {
                 "id":7,
                 "properties":[
                        {
                         "name":"collides",
                         "type":"bool",
                         "value":true
                        }]
                }, 
                {
                 "id":9,
                 "properties":[
                        {
                         "name":"collides",
                         "type":"bool",
                         "value":true
                        }]
                }],
         "tilewidth":32
        }],
 "tilewidth":32,
 "type":"map",
 "version":"1.10",
 "width":70
}