{
  "frames": [
    {
      "filename": "mushroom",
      "frame": { "x": 69, "y": 1, "w": 32, "h": 32 }
    },
    {
      "filename": "flower",
      "frame": { "x": 103, "y": 1, "w": 32, "h": 32 }
    },
    {
      "filename": "flowerpurple",
      "frame": { "x": 100, "y": 69, "w": 32, "h": 32 }
    },
    {
      "filename": "flowerwhite",
      "frame": { "x": 1, "y": 66, "w": 32, "h": 32 }
    },
    {
      "filename": "sunflower",
      "frame": { "x": 69, "y": 69, "w": 32, "h": 32 }
    },
    {
      "filename": "key",
      "frame": { "x": 1, "y": 103, "w": 32, "h": 32 }
    }
  ]
}
